rule,antecedents,consequents,n_items,support,confidence,lift,antecedent_support,consequent_support,conviction,leverage,zhangs_metric,certainty,kulczynski,jaccard
Mecha  =>  Action,Mecha,Action,2,0.04742,0.61758,2.66875,0.07679,0.23141,2.00982,0.02965,0.6773,0.50244,0.41125,0.18185
Action  =>  Mecha,Action,Mecha,2,0.04742,0.20492,2.66875,0.23141,0.07679,1.16116,0.02965,0.81356,0.13879,0.41125,0.18185
Fantasy  =>  Adventure,Fantasy,Adventure,2,0.07735,0.41187,2.15651,0.18782,0.19099,1.37556,0.04148,0.6603,0.27302,0.40845,0.25661
Adventure  =>  Fantasy,Adventure,Fantasy,2,0.07735,0.40503,2.15651,0.19099,0.18782,1.36508,0.04148,0.66289,0.26744,0.40845,0.25661
Shounen  =>  Adventure,Shounen,Adventure,2,0.05735,0.39696,2.07846,0.14446,0.19099,1.34156,0.02975,0.60649,0.2546,0.34861,0.2062
Adventure  =>  Shounen,Adventure,Shounen,2,0.05735,0.30026,2.07846,0.19099,0.14446,1.22265,0.02975,0.64137,0.1821,0.34861,0.2062
Shounen  =>  Action,Shounen,Action,2,0.0645,0.44651,1.92948,0.14446,0.23141,1.38862,0.03107,0.56307,0.27986,0.36262,0.20716
Action  =>  Shounen,Action,Shounen,2,0.0645,0.27873,1.92948,0.23141,0.14446,1.18616,0.03107,0.62677,0.15695,0.36262,0.20716
Kids  =>  Fantasy,Kids,Fantasy,2,0.04254,0.32505,1.73067,0.13088,0.18782,1.20332,0.01796,0.48577,0.16897,0.27578,0.15405
Fantasy  =>  Kids,Fantasy,Kids,2,0.04254,0.2265,1.73067,0.18782,0.13088,1.12363,0.01796,0.51982,0.11003,0.27578,0.15405
School  =>  Comedy,School,Comedy,2,0.06166,0.62131,1.64444,0.09924,0.37783,1.64297,0.02416,0.43506,0.39135,0.39225,0.14842
Adventure  =>  Action,Adventure,Action,2,0.07247,0.37947,1.6398,0.19099,0.23141,1.2386,0.02828,0.48228,0.19264,0.34633,0.20711
Action  =>  Adventure,Action,Adventure,2,0.07247,0.31318,1.6398,0.23141,0.19099,1.17791,0.02828,0.50765,0.15104,0.34633,0.20711
Slice of Life  =>  Comedy,Slice of Life,Comedy,2,0.05686,0.57295,1.51644,0.09924,0.37783,1.45691,0.01936,0.37808,0.31362,0.36172,0.13531
Shounen  =>  Comedy,Shounen,Comedy,2,0.07931,0.54899,1.45301,0.14446,0.37783,1.3795,0.02473,0.36442,0.2751,0.37944,0.17903
Comedy  =>  Shounen,Comedy,Shounen,2,0.07931,0.2099,1.45301,0.37783,0.14446,1.08283,0.02473,0.50111,0.07649,0.37944,0.17903
Fantasy  =>  Action,Fantasy,Action,2,0.05735,0.30533,1.3194,0.18782,0.23141,1.1064,0.01388,0.29806,0.09617,0.27657,0.15846
Action  =>  Fantasy,Action,Fantasy,2,0.05735,0.2478,1.3194,0.23141,0.18782,1.07975,0.01388,0.31497,0.07386,0.27657,0.15846
