Majority baseline,"J48 (C4.5, ours)",Decision Tree (entropy),Naive Bayes (Gaussian),Random Forest,actual
Low,Medium,Medium,Low,Low,Medium
Low,Low,Low,Low,Low,Low
Low,Low,Low,Low,Low,Medium
Low,Medium,Medium,Low,Medium,Medium
Low,Medium,Medium,Low,Medium,Medium
Low,Top,Top,Top,Top,Top
Low,Low,Low,Low,Low,Low
Low,Top,Medium,Medium,High,Top
Low,Medium,Medium,Low,Medium,Medium
Low,Medium,High,Medium,High,Top
Low,Top,Top,Top,Top,Top
Low,Medium,Low,Low,Medium,Low
Low,Low,Low,Low,Low,Low
Low,Medium,Medium,Low,Low,Medium
Low,Low,Low,Low,Low,Low
Low,Low,Low,Low,Low,Low
Low,Top,High,High,High,High
Low,High,High,Low,Medium,Top
Low,Medium,High,Medium,Low,Top
Low,Top,Top,High,Top,Top
Low,Top,Top,High,Top,Top
Low,Top,Top,High,Top,High
Low,Low,Low,Low,Low,Low
Low,Top,High,Medium,Top,High
Low,Top,Top,Top,Top,Top
Low,Top,Top,Top,Top,Top
Low,Medium,Medium,Low,Medium,Medium
Low,Medium,Medium,Low,High,High
Low,Top,High,Top,Top,Top
Low,Medium,Medium,Low,Medium,Medium
Low,High,High,High,High,Top
Low,Low,Low,Low,Low,Low
Low,Top,Top,Top,High,Top
Low,Medium,High,Low,Medium,Medium
Low,Top,High,Top,Top,High
Low,Top,High,High,High,Medium
Low,Top,Top,Top,Top,Top
Low,Top,Top,Top,Top,Top
Low,Medium,Medium,Medium,Medium,High
Low,Low,Low,Low,Low,Medium
Low,Medium,Medium,Low,Medium,Low
Low,Low,Low,Low,Low,Medium
Low,Top,High,Medium,Top,Medium
Low,Top,Top,Medium,Top,Top
Low,Medium,Medium,Top,Low,High
Low,Medium,Medium,Top,High,Medium
Low,Low,Low,Low,Low,Low
Low,Low,Low,Low,Low,Medium
Low,High,Medium,Medium,High,High
Low,Medium,Medium,High,Medium,High
Low,High,High,High,High,High
Low,Top,Top,Medium,Top,Top
Low,Top,Top,Top,Top,Top
Low,High,High,High,High,Top
Low,Low,Low,Low,Low,Low
Low,Medium,Medium,Low,Medium,Low
Low,Top,Top,Top,Top,Top
Low,Medium,Low,Low,Medium,Low
Low,Low,Low,Low,Low,Low
Low,Top,Top,Top,Top,Top
Low,Medium,Medium,Low,Medium,Medium
Low,Top,Top,Top,Top,Top
Low,Medium,Medium,Medium,Medium,Medium
Low,High,High,High,Top,High
Low,Top,Top,Top,Top,High
Low,Top,Top,Top,Top,Top
Low,Medium,Low,Low,Low,Low
Low,Low,Medium,Low,Low,High
Low,Low,Medium,Low,Medium,Low
Low,Top,Top,Top,Top,Top
Low,Top,High,Medium,Medium,High
Low,Low,Low,Low,Low,High
Low,Top,High,Top,High,Medium
Low,Low,Low,Low,Low,Low
Low,Medium,Medium,Low,Medium,High
Low,Medium,Medium,High,Medium,Medium
Low,Top,High,Medium,High,High
Low,Low,Low,Low,Low,Low
Low,Low,Low,Low,Low,Low
Low,Low,Low,Low,Low,Low
Low,Top,High,High,Medium,Medium
Low,Low,Low,Low,Low,Low
Low,Low,Medium,Low,Low,Low
Low,Medium,Medium,Low,Low,Low
Low,Low,Medium,Low,Low,Low
Low,Low,Medium,Low,Medium,Low
Low,Low,Low,Low,Low,Low
Low,Medium,Medium,Low,Medium,Medium
Low,Medium,Medium,Low,Low,Low
Low,Medium,High,High,High,High
Low,Medium,Low,Medium,Low,High
Low,Top,Top,Top,Top,Top
Low,Medium,Medium,Low,Medium,High
Low,Medium,Medium,Low,Medium,Medium
Low,Top,Top,High,Top,Top
Low,Low,Low,Low,Low,Medium
Low,Top,Top,Top,Top,Top
Low,High,High,Medium,Medium,High
Low,Low,Low,Low,Low,Medium
Low,Medium,Medium,Low,Medium,High
Low,Top,Top,Top,Top,Medium
Low,Low,Low,Low,Low,Low
Low,Low,Low,Low,Low,Medium
Low,Low,Low,Low,Low,Low
Low,Low,Low,High,High,Low
Low,Top,Top,High,Top,Top
Low,Medium,Medium,Medium,Medium,Low
Low,Medium,Medium,Low,Medium,Medium
Low,Low,Low,Low,Low,Low
Low,Low,Low,Low,Low,Low
Low,Medium,Medium,Low,Medium,High
Low,Top,High,Medium,High,Medium
Low,Low,Low,Low,Low,Medium
Low,Low,Low,Low,Low,Low
Low,Low,Low,Low,Low,Low
Low,Low,Low,Low,Low,Low
Low,Medium,Low,Medium,Low,Medium
Low,Low,Low,Low,Low,Low
Low,Top,Top,Top,Top,Top
Low,Low,Low,Low,Low,Low
Low,Low,Low,Low,Low,Low
Low,Top,Top,Top,Top,Medium
Low,Medium,Medium,Medium,Medium,Medium
Low,Low,Low,Low,Low,Medium
Low,Medium,Medium,Low,Medium,Medium
Low,Medium,Low,Medium,Low,Low
Low,Medium,Top,Low,Medium,Medium
Low,Medium,Medium,Low,Medium,Medium
Low,Top,Top,Top,Top,High
Low,Low,Low,Medium,Low,Medium
Low,Low,Low,Low,Low,Low
Low,Medium,High,Medium,High,High
Low,High,High,Medium,High,High
Low,Top,High,High,High,Top
Low,Low,Low,Low,Low,Low
Low,Medium,Medium,Low,High,High
Low,Top,High,Top,Medium,Medium
Low,Top,High,Medium,High,Top
Low,Medium,Low,Medium,Low,Low
Low,Top,Top,Top,Top,Top
Low,Low,Medium,Low,Low,Medium
Low,Medium,Medium,Low,Medium,Medium
Low,Top,Top,Top,Top,High
Low,Top,Top,Top,Top,Top
Low,Medium,Medium,Medium,Medium,High
Low,Medium,Top,Medium,High,Top
Low,Low,Low,Low,Medium,High
Low,Medium,Medium,Medium,Low,Low
Low,Low,Low,Low,Low,High
Low,Top,Top,High,Top,Top
Low,High,High,High,High,High
Low,Low,Low,Low,Low,Low
Low,Low,Low,Low,Low,Medium
Low,Low,Low,Low,Low,Low
Low,Low,Low,Low,Low,Low
Low,Low,Low,Low,Medium,Low
Low,Medium,Medium,Low,Medium,Low
Low,Medium,High,Low,Medium,Low
Low,Low,Low,Low,Low,Medium
Low,Top,Top,Top,Top,Top
Low,Low,Low,Low,Low,Medium
Low,Low,Low,Low,Low,Low
Low,Top,Top,Top,Top,Medium
Low,High,Medium,Low,Top,High
Low,Low,Low,Low,Low,Medium
Low,Low,Low,Low,Low,Low
Low,Medium,High,Medium,High,Medium
Low,Medium,Medium,Low,Medium,Medium
Low,Low,Low,Low,Low,Low
Low,Low,Low,Low,Low,Medium
Low,Medium,Medium,Low,Low,High
Low,Low,Low,Low,Low,High
Low,Medium,Medium,Low,Medium,Medium
Low,Low,Low,Low,Low,Low
Low,Top,High,Top,Top,High
Low,Medium,Medium,Medium,Medium,High
Low,Medium,Medium,Medium,Medium,Medium
Low,Low,Low,Low,Medium,Medium
Low,High,High,Medium,Top,Top
Low,Medium,Medium,Low,Medium,Medium
Low,Medium,Medium,Low,Medium,High
Low,Low,Low,Low,Low,Low
Low,Medium,Medium,Top,Medium,Low
Low,High,Top,High,Medium,Top
Low,High,Medium,High,Medium,High
Low,Low,Low,Low,Low,Low
Low,Top,High,Medium,High,Top
Low,Medium,Medium,Top,Medium,Low
Low,Low,Low,Low,Medium,Medium
Low,Medium,High,Low,High,Medium
Low,Top,Top,High,Top,Medium
Low,Low,Low,Low,Low,Low
Low,Top,Top,Top,Top,Top
Low,Top,Top,Top,Top,Top
Low,Top,Top,Top,Top,Top
Low,Medium,Medium,Low,Medium,Medium
Low,Medium,Medium,Top,Medium,Medium
Low,Low,Medium,Low,Medium,Medium
Low,Medium,Low,Low,Low,Low
Low,High,High,Medium,Top,High
Low,Top,Top,Medium,High,Top
Low,Medium,Low,Low,Low,Low
Low,High,Medium,High,High,Top
Low,Top,Top,Top,Top,Top
Low,Medium,Medium,Low,Low,Medium
Low,Medium,High,Top,High,Medium
Low,Medium,Medium,Medium,Medium,Medium
Low,Medium,Medium,Low,Medium,High
Low,Low,Low,Low,Low,Low
Low,High,Top,High,Top,Top
Low,Top,Top,Top,Top,Top
Low,Medium,Medium,Low,Medium,Medium
Low,High,Top,High,Top,High
Low,Medium,Medium,Low,Medium,Low
Low,Top,High,Medium,High,High
Low,Medium,Top,High,Top,Top
Low,Medium,Medium,Low,Medium,Medium
Low,Medium,Medium,Medium,Low,Low
Low,Low,Low,Low,Low,Low
Low,Top,Top,High,Top,High
Low,Top,High,Medium,Medium,High
Low,Low,Low,Low,Medium,Medium
Low,Low,Low,Low,Low,Low
Low,Low,Low,Low,Low,Low
Low,Low,Low,Low,Low,Low
Low,Top,High,Top,Top,Top
Low,Low,Low,Low,Low,Low
Low,Top,High,Medium,Top,Medium
Low,Top,Top,Top,Top,Top
Low,High,Medium,High,Top,Top
Low,Top,Top,Top,Top,Medium
Low,Top,Top,Top,Top,Top
Low,Top,Top,Top,Top,High
Low,Medium,Medium,Low,Medium,Top
Low,Top,Top,Top,Top,Top
Low,Medium,High,Medium,High,High
Low,Top,Top,Top,Top,Top
Low,Medium,High,Medium,High,Medium
Low,Top,High,Top,High,Medium
Low,Low,Low,Low,Low,Low
Low,Medium,Medium,Low,Medium,Low
Low,Medium,Medium,Low,Medium,Medium
Low,Medium,Medium,Medium,Medium,High
Low,Low,Medium,Low,Medium,Low
Low,Top,High,Medium,High,High
Low,Medium,Medium,Medium,Medium,Medium
Low,Top,Top,Top,Top,Top
Low,Low,Low,Low,Low,Low
Low,Top,Top,Medium,Top,Top
Low,Low,Medium,Low,Low,Low
Low,Low,Low,Low,Low,Low
Low,Medium,High,Top,Medium,Medium
Low,Low,Low,Low,Low,Low
Low,Medium,High,Medium,High,Top
Low,Top,Top,Top,Top,Top
Low,Top,Top,Top,Top,High
Low,Medium,Medium,Low,Medium,Medium
Low,High,High,High,High,Top
Low,Top,High,High,Top,Medium
Low,Low,Low,Low,Low,Medium
Low,Medium,Medium,Low,Medium,Low
Low,Low,Low,Low,Low,Low
Low,Medium,Low,Medium,Medium,High
Low,Medium,Medium,Low,Medium,Medium
Low,Low,Low,Low,Low,Low
Low,High,Top,High,High,High
Low,Top,Top,Top,Top,Top
Low,High,High,Medium,High,Medium
Low,Top,Top,Top,Top,High
Low,Top,High,High,High,High
Low,Medium,Low,Medium,Medium,Medium
Low,Medium,Medium,Low,Low,Medium
Low,Medium,Top,Low,Medium,Medium
Low,Top,Top,High,Top,Top
Low,Medium,High,Medium,Medium,High
Low,Low,Low,Low,Low,Low
Low,Low,Low,Low,Low,Low
Low,Top,High,Top,Top,Top
Low,Low,Low,Low,Low,Low
Low,Low,Low,Low,Medium,Low
Low,Top,Top,Top,Top,Medium
Low,Top,High,Top,High,High
Low,Medium,Medium,Low,Medium,Medium
Low,Top,Top,High,Top,High
Low,Medium,Low,Low,Low,Low
Low,Top,Top,Medium,Top,High
Low,Top,Top,Top,Top,Top
Low,High,High,Medium,Top,High
Low,Low,Low,Low,Low,Low
Low,Low,Low,Low,Low,Low
Low,Medium,High,Medium,Medium,Medium
Low,Low,Low,Low,Low,Medium
Low,High,Medium,Top,Medium,Low
Low,Medium,Medium,Low,Medium,Medium
Low,Top,Top,Top,Top,Top
Low,High,High,Low,High,Top
Low,High,High,Medium,Medium,Low
Low,Medium,Medium,Low,Medium,Low
Low,Medium,Medium,Low,Medium,Medium
Low,Medium,Medium,Top,High,High
Low,Low,Medium,Low,Medium,Low
Low,Medium,High,Medium,Medium,Top
Low,Medium,Low,Medium,Medium,Low
Low,Medium,Medium,Medium,Medium,Medium
Low,Low,Low,Low,Low,Low
Low,Medium,Low,Low,Low,Low
Low,High,Medium,High,Top,Top
Low,Low,Low,Low,Low,Low
Low,High,High,Medium,Medium,High
Low,Medium,Low,Low,Low,Medium
Low,Top,Top,Top,Top,High
Low,High,High,Medium,Medium,High
Low,Medium,Low,Low,Low,Low
Low,Low,Low,Low,Low,Medium
Low,Top,Top,Top,Top,Top
Low,Medium,Medium,Low,Medium,Medium
Low,Low,Low,Low,Low,Low
Low,Low,Low,Low,Low,Low
Low,Medium,Medium,Medium,Medium,Medium
Low,High,High,Medium,Top,Top
Low,Low,Low,Low,Low,Low
Low,Top,High,Top,High,High
Low,Low,Low,Low,Low,Medium
Low,High,High,High,High,High
Low,Medium,High,Medium,High,High
Low,Medium,Medium,Medium,High,High
Low,Medium,Medium,Low,Medium,Low
Low,Medium,Medium,Medium,Medium,Medium
Low,Low,Low,Low,Low,Low
Low,Low,Low,Low,Low,Medium
Low,Low,Low,Low,Low,Medium
Low,High,High,High,Medium,Medium
Low,Low,Low,Low,Low,Low
Low,Low,Low,Low,Low,Low
Low,High,High,High,High,Top
Low,Medium,Medium,Medium,Medium,Medium
Low,Top,Top,Top,Top,Top
Low,Low,Low,Low,Low,Low
Low,Medium,Medium,Medium,Medium,High
Low,Top,High,High,Top,High
Low,Medium,Medium,Medium,High,Medium
Low,Medium,Medium,Low,Medium,Medium
Low,Medium,Medium,Top,Medium,Medium
Low,Medium,Medium,Medium,Low,Low
Low,Top,Top,Top,Top,Top
Low,Low,Medium,Low,Medium,Low
Low,Top,Top,Top,Top,Top
Low,High,High,Medium,High,High
Low,Medium,Low,Low,Low,Low
Low,Low,Low,Low,Low,Low
Low,Medium,Medium,Top,Medium,Medium
Low,Low,Medium,Low,Low,Low
Low,Top,Top,High,Top,Medium
Low,Low,Low,Low,Low,Medium
Low,High,High,Medium,Medium,Top
Low,Low,Low,Low,Low,Low
Low,Top,High,Medium,Top,High
Low,Low,Low,Low,Low,Low
Low,Medium,Medium,Top,High,Medium
Low,Low,Medium,Low,Medium,Low
Low,High,High,Low,High,High
Low,Low,Low,Low,Low,Medium
Low,Medium,High,Top,High,High
Low,Medium,Medium,Low,Medium,Medium
Low,Medium,High,Low,High,Top
Low,Top,Top,Top,Top,Medium
Low,High,High,High,High,Top
Low,Medium,Medium,Top,Medium,High
Low,Medium,Medium,Medium,High,Top
Low,High,High,Medium,Medium,Top
Low,Top,Top,Top,Top,Top
Low,Medium,Medium,Medium,Low,Low
Low,High,High,Medium,Medium,Medium
Low,Medium,Medium,Medium,Medium,Low
Low,Top,Top,Top,Top,Top
Low,Low,Low,Low,Low,Low
Low,Top,High,Medium,High,Medium
Low,Top,Top,Top,Top,Top
Low,Low,Low,Low,Low,Low
Low,Top,Top,High,Top,Low
Low,Medium,Medium,Medium,Medium,Medium
Low,Top,Top,High,Top,High
Low,Low,Medium,Low,Low,Low
Low,Medium,Medium,Low,Medium,Low
Low,Top,Top,Top,Top,Top
Low,Low,Low,Low,Low,Low
Low,Medium,Medium,Top,Medium,Medium
Low,Top,Top,Top,Top,Top
Low,Medium,Medium,Low,Medium,High
Low,Low,Low,Low,Low,Low
Low,Top,Top,Top,Top,Top
Low,Medium,Medium,Low,Medium,Medium
Low,Top,Top,High,Top,Top
Low,Medium,Medium,Low,Medium,Low
Low,Medium,Medium,Low,Low,Low
Low,Low,Low,Low,Low,Low
Low,Medium,Medium,Low,Medium,Medium
Low,High,Medium,High,High,High
Low,Top,Top,High,Top,High
Low,Medium,Top,Low,High,Medium
Low,Top,High,High,High,High
Low,Low,Low,Low,Low,Low
Low,Medium,Medium,High,Medium,Low
Low,Low,Low,Low,Low,Medium
Low,Low,Low,Low,Low,Low
Low,Top,Top,Top,Top,Top
Low,Medium,Low,Low,Low,Medium
Low,High,High,High,High,Medium
Low,Top,Top,Top,Top,Top
Low,Low,Medium,Low,Low,Medium
Low,Low,Low,Low,Low,Low
Low,Medium,Medium,Low,Medium,Medium
Low,Low,Medium,Low,Medium,Low
Low,Low,Medium,Low,Medium,Medium
Low,Medium,Medium,Low,High,Top
Low,Low,Medium,Low,Medium,Medium
Low,Medium,Low,Low,Low,High
Low,Low,Low,Low,Low,Medium
Low,Low,Low,Low,Low,Low
Low,Low,Low,Low,Low,Low
Low,High,Medium,Low,High,High
Low,Medium,Medium,Low,Medium,Medium
Low,Medium,Top,Low,High,Medium
Low,Medium,High,Medium,High,High
Low,Medium,Medium,Medium,Medium,High
Low,Low,Low,Low,Low,Medium
Low,High,Medium,High,High,Medium
Low,Medium,Medium,High,Medium,Medium
Low,Top,Top,Top,Top,Top
Low,High,Medium,High,Medium,Medium
Low,High,Medium,Medium,Low,Medium
Low,High,High,Medium,Medium,High
Low,Top,Top,Top,Top,Top
Low,Medium,Medium,Low,Medium,High
Low,Low,Medium,Low,Low,Low
Low,Low,Low,Low,Low,Low
Low,Low,Low,Low,Low,Low
Low,Medium,Medium,Medium,Medium,High
Low,Low,Low,Low,Low,Low
Low,Top,Top,Top,High,High
Low,Medium,Medium,Medium,Medium,Low
Low,Low,Low,Low,Low,Medium
Low,Medium,Medium,Medium,Medium,Medium
Low,Top,Top,Top,Top,Top
Low,Medium,Low,Low,Low,Medium
Low,Medium,Low,Low,Low,Medium
Low,High,Medium,High,Medium,Top
Low,Top,Top,High,Top,Top
Low,Medium,Medium,Low,Medium,Medium
Low,Medium,High,Low,High,High
Low,Medium,Medium,Low,Medium,Medium
Low,Low,Low,Low,Low,Medium
Low,Top,Top,Top,Top,Top
Low,Top,High,Top,Medium,High
Low,Low,Low,Low,Low,Low
Low,Low,Low,Top,Low,Low
Low,High,High,High,High,Top
Low,Medium,Medium,High,Medium,Medium
Low,Medium,Medium,Low,Medium,Medium
Low,Top,Top,Top,Top,Top
Low,Low,Medium,Low,Low,Low
Low,Medium,Medium,Medium,Low,Top
Low,Medium,Medium,Medium,Medium,Medium
Low,Low,Low,Low,Low,Low
Low,High,Top,Medium,Top,High
Low,Top,Top,High,Top,Top
Low,Low,Low,Low,Low,High
Low,Medium,Medium,Low,Medium,Low
Low,Low,Low,Low,Low,Medium
Low,Low,Low,Low,Low,Low
Low,High,High,Low,High,High
Low,Medium,Medium,Low,Medium,Medium
Low,Medium,High,Low,High,Medium
Low,Low,Low,Low,Low,Low
Low,Low,Low,Low,Low,Low
Low,Medium,Medium,Low,Medium,Medium
Low,Low,Low,Low,Low,Low
Low,Medium,Medium,Low,Medium,Low
Low,Top,High,High,High,Top
Low,Top,Top,Top,Top,Low
Low,Medium,Medium,Low,Medium,Medium
Low,Top,Top,Top,Top,Medium
Low,Low,Low,Low,Low,Low
Low,Medium,Medium,High,Medium,High
Low,Top,Top,Medium,Top,High
Low,Medium,Medium,Low,Medium,High
Low,Top,Top,Top,Top,Top
Low,Low,Medium,Low,Medium,Medium
Low,Medium,Medium,Low,Medium,Medium
Low,High,High,Medium,High,Low
Low,High,High,High,High,High
Low,Low,Low,Low,Low,Low
Low,Medium,High,Medium,High,High
Low,Medium,Medium,Low,Medium,Low
Low,Top,High,Medium,Medium,Medium
Low,Top,Top,Top,Top,Top
Low,Low,Low,Low,Low,Low
Low,Medium,Medium,Low,Medium,High
Low,Low,Low,Low,Low,Low
Low,Medium,Medium,Low,Medium,High
Low,Low,Medium,Low,Medium,High
Low,Low,Low,Medium,Low,Low
Low,Medium,Medium,Low,Medium,Low
Low,Medium,Medium,Low,High,High
Low,Top,Top,Top,Top,Top
Low,Top,High,High,High,Top
Low,Medium,Medium,Low,Medium,Low
Low,Top,High,High,Top,Medium
Low,Low,Low,Low,Low,Low
Low,Low,Low,Low,Low,Low
Low,Medium,Medium,High,Medium,Medium
Low,Top,Top,Top,Top,High
Low,Medium,Medium,Low,Medium,High
Low,Low,Low,Low,Low,Low
Low,Low,Low,Low,Low,Low
Low,High,Medium,High,High,Top
Low,Low,Low,Low,Low,Medium
Low,Low,Medium,Low,Low,Medium
Low,Medium,Medium,Low,Medium,Medium
Low,Medium,Top,Top,Top,High
Low,Low,Low,Low,Low,Low
Low,Top,Top,Top,Top,Top
Low,Low,Low,Low,Low,Low
Low,Medium,Medium,Low,Medium,Low
Low,High,High,Low,Top,High
Low,Top,Top,Top,Top,High
Low,Top,High,Medium,High,Top
Low,Top,Top,Top,Top,Top
Low,Medium,Low,Low,Low,Low
Low,Top,Top,High,Top,High
Low,Top,High,High,Medium,Medium
Low,Low,Low,Low,Low,Low
Low,Top,Top,Top,Top,High
Low,Top,Top,Top,Top,High
Low,Low,Low,Low,Medium,Medium
Low,Top,High,Medium,High,Medium
Low,Top,Top,High,Top,High
Low,Low,Low,Low,Low,Low
Low,Medium,Medium,Medium,Medium,Medium
Low,High,Medium,High,High,High
Low,Top,Top,Top,Top,Top
Low,Low,Medium,Low,Medium,Medium
Low,Medium,Top,Low,High,Medium
Low,Top,Top,Top,High,Medium
Low,Low,Low,Low,Low,Low
Low,Low,Low,Low,Low,Low
Low,Low,Low,Low,Low,Medium
Low,Medium,Medium,Low,Medium,High
Low,Low,Low,Low,Low,Medium
Low,Top,High,High,Top,Top
Low,Medium,Medium,Low,Medium,Medium
Low,Low,Low,Low,Low,Low
Low,Low,Medium,Low,Low,Medium
Low,High,High,Medium,Medium,Top
Low,Medium,Medium,Medium,Medium,Medium
Low,Low,Low,Low,Low,Low
Low,Top,Top,High,Top,High
Low,Top,Top,Top,Top,Top
Low,Medium,Medium,Low,Medium,High
Low,Medium,Medium,Low,Medium,Low
Low,Medium,Top,Low,High,Medium
Low,Medium,Medium,High,Medium,High
Low,Medium,Medium,Medium,Medium,Medium
Low,Top,Top,Top,Top,High
Low,Low,Low,Low,Low,Medium
Low,Low,Low,Low,Low,Low
Low,High,High,High,High,High
Low,Low,Medium,Low,Medium,Medium
Low,Medium,Medium,Low,Low,Low
Low,High,High,Low,High,Top
Low,Top,Top,Top,Top,Top
Low,Top,Top,Top,Top,Top
Low,Low,Low,Low,Low,Top
Low,Low,Low,Low,Low,Medium
Low,Top,High,High,Medium,Medium
Low,Low,Low,Low,Low,High
Low,Top,Top,Top,Top,High
Low,High,High,Medium,Medium,Low
Low,Medium,Medium,Low,Medium,High
Low,High,High,Low,Medium,Top
Low,Top,Top,Top,Top,Top
Low,Low,Low,Low,Low,Low
Low,Low,Low,Low,Low,Medium
Low,Medium,Medium,Low,Medium,Medium
Low,Low,Low,Low,Low,Low
Low,Low,Medium,Low,Low,Low
Low,Medium,High,Medium,High,Top
Low,Medium,Low,Low,Low,Low
Low,Medium,Low,Medium,Medium,Medium
Low,Top,High,Top,Medium,Top
Low,Medium,Medium,Top,Low,Low
Low,Medium,Medium,Low,Medium,Medium
Low,Top,Top,Top,Top,Top
Low,High,High,High,High,Top
Low,Low,Low,Low,Low,Low
Low,Medium,Medium,Low,Medium,Medium
Low,Top,High,High,Top,Medium
Low,Medium,Medium,Low,Medium,Medium
Low,Medium,Medium,Low,Medium,Medium
Low,Top,Top,Top,Top,Top
Low,Top,Top,Top,Top,Top
Low,Medium,Medium,High,Medium,Medium
Low,Medium,Medium,Low,Medium,Medium
Low,Medium,Medium,Medium,Low,Medium
Low,Medium,Medium,Medium,Medium,High
Low,Top,Top,High,Top,Top
Low,Low,Low,Low,Low,Low
Low,Medium,Medium,Low,Medium,Medium
Low,Medium,Medium,Low,Medium,Low
Low,Low,Low,Low,Low,Low
Low,Top,High,Medium,High,Top
Low,Medium,Medium,Low,Medium,Low
Low,Low,Low,Medium,Low,Low
Low,Top,Top,Top,Top,High
Low,Low,Low,Low,Low,Low
Low,Medium,Medium,Medium,Medium,Top
Low,Medium,Medium,Low,Medium,Medium
Low,Top,Top,Top,Top,Top
Low,Top,High,Top,Top,High
Low,Low,Low,Low,Low,Low
Low,High,Medium,High,High,Top
Low,Low,Medium,Low,Low,Low
Low,Medium,Medium,Medium,Medium,Low
Low,Medium,Medium,Low,Medium,High
Low,High,Medium,High,Medium,High
Low,Top,Top,Top,Top,Top
Low,Medium,Medium,Top,Medium,Medium
Low,High,Medium,High,High,High
Low,Low,Low,Low,Low,Low
Low,Medium,Medium,Medium,Medium,High
Low,Medium,Medium,Low,Medium,High
Low,Medium,Medium,Low,Medium,Medium
Low,Top,High,High,High,High
Low,Top,Top,Top,Top,Top
Low,Medium,Medium,High,Medium,Medium
Low,Low,Low,Low,Low,Low
Low,Low,Low,Low,Low,Low
Low,Medium,Medium,Low,Medium,Medium
Low,Low,Medium,Low,Low,Low
Low,Medium,Medium,Medium,High,Low
Low,Top,Top,Top,Top,Top
Low,Medium,Medium,Medium,Medium,Low
Low,Medium,High,Low,Medium,High
Low,High,High,Medium,High,High
Low,Top,Top,Top,Top,Top
Low,Top,Top,Top,Top,Medium
Low,Medium,High,Top,High,Medium
Low,Medium,Medium,Medium,Medium,Medium
Low,Low,Low,Low,Low,Medium
Low,Medium,Low,Low,Low,Low
Low,Medium,Medium,Low,Medium,Medium
Low,Low,Medium,Low,Low,Low
Low,Medium,Medium,Low,Medium,Low
Low,High,High,Medium,High,Medium
Low,Medium,Medium,Medium,Medium,High
Low,Medium,High,Medium,High,Medium
Low,Top,High,Medium,High,Medium
Low,High,Top,High,High,Top
Low,Top,Top,High,Top,High
Low,Low,Low,Low,Low,Low
Low,Top,High,High,High,Top
Low,Medium,High,Low,Medium,High
Low,Low,Medium,Low,Medium,Low
Low,Medium,Medium,Low,Medium,Medium
Low,Low,Low,Low,Low,Medium
Low,Low,Low,Low,Low,Low
Low,Medium,High,Medium,High,Top
Low,Top,Top,Top,Top,Top
Low,Low,Low,Low,Low,Low
Low,Medium,Medium,High,Medium,High
Low,High,High,Medium,Medium,High
Low,Low,Low,Low,Low,Medium
Low,Medium,Medium,Low,Low,Low
Low,Medium,Medium,Low,Medium,Top
Low,Medium,Medium,Low,Low,Low
Low,Top,Top,High,Top,Top
Low,Low,Low,Low,Low,Medium
Low,Medium,Medium,Top,Medium,High
Low,Medium,Medium,Low,Medium,High
Low,Medium,High,Low,High,Medium
Low,Top,Top,High,Top,Medium
Low,Low,Low,Low,Low,Top
Low,Low,Low,Low,Low,Low
Low,Low,Low,Low,Low,Low
Low,Medium,Low,Medium,Low,Medium
Low,Medium,Medium,Low,Medium,Low
Low,Top,High,Medium,Medium,High
Low,Top,Top,Top,Top,Top
Low,Medium,Low,High,Low,Low
Low,Medium,High,Low,Medium,Medium
Low,Medium,Medium,Medium,Medium,Medium
Low,Medium,Low,Low,Medium,Low
Low,Top,Top,Top,Top,Top
Low,Low,Low,Low,Low,Low
Low,Medium,Medium,Medium,Medium,High
Low,Low,Low,Low,Low,Low
Low,Medium,Medium,Low,Medium,High
Low,Low,Low,Low,Low,Medium
Low,Top,Top,Top,Top,Top
Low,Top,Top,High,Top,High
Low,Low,Low,Low,Low,Low
Low,Medium,Medium,Low,Medium,Top
Low,Low,Low,Low,Low,Low
Low,Low,Low,Low,Low,Low
Low,Low,Low,Low,Low,Low
Low,Medium,Medium,Low,Medium,High
Low,Low,Medium,Low,Medium,Low
Low,Low,Low,Low,Low,Low
Low,Medium,High,Medium,Medium,High
Low,High,Medium,High,High,Top
Low,Medium,Medium,Low,Medium,Medium
Low,Low,Low,Low,Low,Low
Low,Top,High,Top,Top,Top
Low,High,High,Medium,Medium,Top
Low,Medium,Medium,Low,Medium,High
Low,Medium,Medium,Medium,Medium,Medium
Low,Top,Top,Top,Top,Top
Low,High,Medium,High,Medium,Medium
Low,Top,Top,Top,Top,Top
Low,Medium,Medium,Low,Medium,Medium
Low,Top,Top,Medium,Top,High
Low,Top,Top,High,Top,High
Low,Medium,Medium,Medium,Medium,Medium
Low,Medium,Medium,Low,Medium,Medium
Low,Medium,Medium,Medium,Medium,High
Low,High,High,Low,Medium,Medium
Low,Top,Top,Top,Top,Top
Low,Top,Top,High,Top,Top
Low,Medium,Medium,Low,Medium,Medium
Low,Low,Low,Low,Low,Low
Low,Low,Low,Low,Low,Low
Low,Top,Top,Top,Top,Top
Low,Top,Top,Top,Top,Top
Low,Medium,High,Medium,High,Medium
Low,High,High,Medium,High,Top
Low,Top,Top,Top,Top,Top
Low,Top,Top,Top,Top,Top
Low,Low,Low,Low,Low,Low
Low,Top,High,Top,Top,Top
Low,High,Top,Low,Top,Medium
Low,Medium,High,Medium,Medium,Medium
Low,Top,High,High,High,High
Low,Top,High,Top,Top,Top
Low,Low,Low,Medium,Low,Low
Low,Low,Low,Low,Low,Low
Low,Medium,Medium,Low,Medium,Medium
Low,Top,High,Medium,Top,High
Low,Medium,Medium,Top,Low,Low
Low,High,High,Low,High,Top
Low,Low,Low,Low,Low,Low
Low,Medium,Medium,Low,Medium,High
Low,Low,Low,Low,Low,Low
Low,Low,Low,Low,Low,Low
Low,Low,Low,Low,Low,Low
Low,Top,Top,Top,Top,Top
Low,Medium,High,Low,High,High
Low,Medium,High,Medium,High,Medium
Low,Top,Top,Top,Top,Medium
Low,High,Top,Medium,Top,Top
Low,Medium,High,Medium,High,High
Low,Low,Medium,Low,Low,Low
Low,Top,High,Top,High,Top
Low,Low,Low,Low,Low,Medium
Low,Medium,High,Medium,Medium,Medium
Low,Low,Low,Low,Low,High
Low,Medium,High,Medium,Medium,Medium
Low,Low,Low,Low,Low,Low
Low,Medium,Medium,Medium,Medium,High
Low,High,Top,Medium,Medium,High
Low,Low,Low,Low,Low,Low
Low,High,High,Low,Top,Medium
Low,Medium,Medium,Medium,Medium,Medium
Low,Top,Top,Top,High,Top
Low,Medium,Medium,Low,Medium,High
Low,Medium,Medium,Medium,Medium,Medium
Low,Medium,Medium,Medium,Medium,Medium
Low,Medium,Medium,Low,Medium,Low
Low,Low,Low,Low,Low,Low
Low,Top,High,High,High,High
Low,Top,Top,High,High,High
Low,Top,Top,Top,Top,Top
Low,Low,Low,Low,Low,Low
Low,Low,Low,Low,Low,Top
Low,Top,Top,Top,Top,Top
Low,Low,Low,Low,Low,Low
Low,Low,Low,Low,Low,Low
Low,Low,Medium,Low,Low,Low
Low,Medium,Medium,Low,Medium,Medium
Low,Low,Low,Low,Low,Medium
Low,High,Top,Medium,Low,High
Low,High,High,Low,Medium,High
Low,High,High,High,Medium,Medium
Low,Low,Low,Medium,Low,Medium
Low,Top,Top,High,Top,High
Low,Low,Low,Low,Low,Low
Low,Low,Low,Low,Low,Low
Low,Low,Low,Low,Low,Medium
Low,Low,Low,Low,Low,Low
Low,Top,Top,Top,Top,High
Low,Low,Low,Low,Low,Low
Low,Low,Low,Low,Low,Low
Low,Top,Top,Top,Top,High
Low,Low,Low,Low,Low,Low
Low,High,High,Medium,High,High
Low,Low,Low,Low,Low,Low
Low,Top,Top,Top,Top,Top
Low,Medium,Medium,Low,Medium,Low
Low,Top,Top,Top,Top,Top
Low,Medium,High,Medium,Medium,Low
Low,Low,Low,Low,Low,Low
Low,Top,Top,Top,Top,High
Low,Top,Top,Top,Top,High
Low,Top,Top,Top,Top,High
Low,Low,Low,Low,Low,Low
Low,Low,Medium,Low,Medium,High
Low,Top,Top,Top,Top,Top
Low,High,High,High,High,Top
Low,Low,Medium,Low,Low,Medium
Low,Medium,Medium,High,Medium,Medium
Low,Low,Low,Low,Low,Low
Low,Low,Low,Low,Low,Low
Low,Low,Medium,Low,Low,Medium
Low,Medium,Medium,Low,Medium,High
Low,Top,High,High,High,Top
Low,Medium,Medium,Low,Medium,High
Low,Low,Low,Low,Low,Low
Low,Low,Low,Low,Low,Low
Low,Medium,Medium,Low,Medium,High
Low,Medium,Medium,Low,Medium,Low
Low,Medium,Medium,Medium,High,Medium
Low,Low,Low,Low,Low,Low
Low,Medium,Medium,Low,High,High
Low,Medium,Medium,Top,Low,Medium
Low,Medium,Medium,Top,Medium,Medium
Low,Top,High,High,Top,High
Low,Medium,Medium,Low,Medium,Medium
Low,Medium,Medium,Low,Low,Medium
Low,Low,Low,Low,Low,Medium
Low,Top,High,High,High,High
Low,Medium,Medium,Low,Medium,Medium
Low,Low,Medium,Low,Medium,Low
Low,Low,Low,Low,Low,Low
Low,Medium,Top,Low,Medium,Top
Low,Low,Low,Low,Low,Low
Low,Medium,High,Medium,High,Top
Low,Low,Low,High,Low,Medium
Low,Medium,Medium,Low,Medium,Medium
Low,Medium,Medium,Low,Medium,High
Low,Medium,Low,High,Medium,Medium
Low,High,Top,High,High,Top
Low,Top,Top,Top,Top,Top
Low,Low,Low,Low,Low,Medium
Low,Low,Low,Low,Low,Low
Low,Top,Top,Top,Top,Top
Low,Medium,Medium,Low,Medium,Low
Low,High,High,Medium,High,High
Low,Low,Medium,Low,Medium,Medium
Low,Low,Low,Low,Low,Low
Low,Low,Low,Low,Low,Low
Low,High,Top,High,Top,Top
Low,Low,Low,Low,Low,Medium
Low,Top,Top,High,High,High
Low,Medium,Top,Low,Medium,Top
Low,Low,Low,Medium,Low,Low
Low,Medium,Medium,Low,Medium,Low
Low,Low,Low,Low,Low,Low
Low,Top,Top,Top,Top,Top
Low,Medium,Medium,Low,High,High
Low,Medium,Medium,Low,Medium,Top
Low,Top,Top,High,Top,Low
Low,Medium,High,Low,Medium,Medium
Low,Medium,Medium,Low,Medium,High
Low,Medium,High,Medium,Top,Top
Low,Top,Top,Top,Top,Low
Low,Medium,Medium,Top,Low,Medium
Low,Medium,Medium,Low,Medium,Medium
Low,Low,Low,Low,Low,Low
Low,Medium,High,Low,High,High
Low,Low,Low,Low,Low,Low
Low,Low,Medium,Low,Medium,Medium
Low,Medium,Medium,Low,Medium,Low
Low,Top,High,High,Medium,High
Low,Low,Low,Low,Low,Low
Low,High,High,Medium,Medium,Top
Low,Top,High,Top,High,High
Low,Top,Top,Top,Top,Top
Low,Medium,Medium,Low,Medium,Medium
Low,Low,Low,Medium,Medium,Low
Low,High,High,Medium,High,Top
Low,Top,Top,Top,Top,Top
Low,Top,Top,Top,Top,Top
Low,Low,Low,Low,Low,Low
Low,Low,Medium,Low,Medium,High
Low,Low,Low,Medium,Low,High
Low,Medium,Medium,Low,Medium,Medium
Low,Low,Low,Low,Low,Low
Low,Medium,Medium,Medium,High,High
Low,Low,Low,Low,Low,Low
Low,Low,Low,Low,Low,Medium
Low,Medium,Medium,Low,Medium,Low
Low,Low,Low,Low,Low,Low
Low,Low,Low,Low,Low,Low
Low,Low,Low,Low,Low,Medium
Low,Low,Low,Low,Low,Low
Low,Medium,Medium,Medium,Medium,Medium
Low,Medium,Low,Low,Low,High
Low,Low,Low,Medium,Low,Low
Low,Low,Low,Low,Low,Medium
Low,High,High,High,High,Medium
Low,Top,High,Top,High,Top
Low,Medium,Medium,Low,Medium,Medium
Low,Medium,Medium,Top,Medium,Medium
Low,Medium,Medium,Low,Medium,Medium
Low,Top,Top,Top,Top,High
Low,Medium,Medium,Low,Medium,Medium
Low,Low,Low,Medium,Low,Medium
Low,Top,High,Top,Top,Top
Low,Low,Low,Low,Low,Top
Low,Medium,Medium,Medium,Medium,High
Low,Medium,Medium,Low,Medium,High
Low,High,High,Low,Top,High
Low,Low,Medium,Low,Medium,Low
Low,Low,Low,Low,Low,High
Low,Low,Medium,Low,Medium,High
Low,Low,Low,Low,Low,Low
Low,Low,Low,Low,Low,Low
Low,Medium,Medium,Low,High,Medium
Low,Top,Top,Top,Top,High
Low,Medium,Medium,Low,Medium,Medium
Low,Low,Low,Low,Low,Low
Low,Low,Low,Low,Low,Medium
Low,Top,High,High,High,Low
Low,Low,Medium,Low,Medium,Medium
Low,Top,Top,Top,Top,Top
Low,High,Medium,High,High,Top
Low,Medium,Medium,Low,Medium,Medium
Low,Medium,High,Low,Medium,Top
Low,Low,Low,Low,Low,Medium
Low,High,Top,High,Top,Top
Low,Medium,High,Low,High,High
Low,High,High,Medium,Top,Top
Low,Medium,Medium,Top,Top,Top
Low,Low,Medium,Low,Low,Low
Low,High,Medium,High,High,High
Low,Low,Low,Low,Low,Low
Low,Top,Top,Top,Top,High
Low,High,High,Medium,High,Top
Low,Top,Top,High,Top,Top
Low,Low,Medium,Medium,Medium,High
Low,Top,Top,Top,Top,Top
Low,High,Top,Medium,Top,Top
Low,Medium,Medium,Low,Medium,Medium
Low,Medium,Low,Low,Low,Medium
Low,Top,Top,Top,Top,Medium
Low,Low,Low,Low,Low,Low
Low,Medium,Medium,High,Medium,Medium
Low,Top,Top,Top,Top,Top
Low,Medium,Medium,Low,Medium,Medium
Low,Low,Low,Medium,Low,Low
Low,Medium,Medium,Medium,Medium,Medium
Low,Low,Low,Low,Low,Low
Low,Top,High,High,Top,High
Low,High,Top,High,High,High
Low,Medium,Medium,Low,Low,Top
Low,Top,Top,Top,Top,High
Low,Top,High,Medium,Top,High
Low,Low,Low,Low,Low,Medium
Low,Top,Top,Top,Top,Top
Low,Low,Low,Top,Low,Low
Low,Top,Top,High,Top,Top
Low,Top,Top,Top,Top,High
Low,Medium,Medium,Low,Medium,Low
Low,High,High,Low,High,High
Low,Top,Top,Top,Top,Top
Low,High,High,Medium,Medium,Medium
Low,Medium,High,Low,High,Top
Low,Top,Top,Top,Top,Top
Low,Top,High,Medium,High,Top
Low,Medium,Medium,High,Medium,Medium
Low,Top,Top,Top,Top,High
Low,Top,High,Medium,Top,High
Low,Medium,Low,Low,Low,Low
Low,High,High,High,High,Medium
Low,Low,Low,Low,Low,Medium
Low,High,High,High,Medium,Medium
Low,Low,Medium,Medium,Medium,High
Low,Low,Low,Medium,Low,High
Low,Medium,Medium,Low,Medium,Medium
Low,Top,Top,Top,Top,Top
Low,Top,High,High,High,Low
Low,Low,Low,Low,Low,Low
Low,Medium,Medium,Low,Medium,High
Low,Low,Low,Low,Low,Medium
Low,Medium,Medium,Medium,Medium,High
Low,Low,Low,Low,Top,Low
Low,Low,Low,Low,Low,Low
Low,Top,Top,Top,Top,Medium
Low,Medium,Medium,Low,Low,Medium
Low,Medium,Low,Medium,Low,Low
Low,Medium,High,Low,Medium,Low
Low,Top,Top,Top,Top,Top
Low,High,High,Low,High,High
Low,Top,Top,Top,Top,Medium
Low,Medium,Medium,Low,Medium,Medium
Low,Low,Low,Low,Low,Low
Low,Low,Low,Low,Low,Low
Low,Medium,Medium,Low,Medium,High
Low,Medium,Medium,Low,High,High
Low,Top,Top,Top,Top,Top
Low,Medium,Medium,Medium,Medium,Medium
Low,Top,Top,Top,Top,Top
Low,Top,Top,High,Top,Low
Low,High,Medium,Top,High,High
Low,Medium,Medium,Low,Low,Low
Low,Low,Medium,Low,Low,Low
Low,Low,Medium,Low,Medium,Low
Low,Top,High,Top,Top,Medium
Low,Medium,Medium,Low,Medium,Low
Low,Low,Low,Low,Low,Medium
Low,Low,Low,Low,Low,Medium
Low,Low,Low,Low,Low,Low
Low,Medium,Medium,Medium,Medium,High
Low,Top,High,Medium,Top,Medium
Low,Top,Top,Top,Top,Top
Low,Top,Top,High,Top,Top
Low,Medium,Medium,Low,Medium,Low
Low,Low,Low,Low,Low,Top
Low,Medium,Medium,Low,Medium,Low
Low,Low,Low,Low,Low,Low
Low,Top,Top,Top,Top,Top
Low,Top,Top,Top,Top,Top
Low,Top,Top,High,Top,High
Low,Low,Low,Low,Low,Low
Low,Top,High,High,High,High
Low,Medium,Medium,Low,Low,Medium
Low,Top,Top,Top,Top,Top
Low,Top,Top,Top,Top,Top
Low,Top,High,Medium,High,Low
Low,High,High,Low,Medium,High
Low,High,Top,High,Top,Top
Low,Low,Low,Low,Low,Low
Low,Top,High,Medium,Medium,Top
Low,Medium,Medium,Medium,Medium,High
Low,Medium,Medium,High,Medium,Medium
Low,Medium,High,Low,Medium,Top
Low,Low,Low,Low,Low,Medium
Low,Low,Low,Low,Medium,Low
Low,Medium,High,Low,High,Medium
Low,High,High,High,Medium,High
Low,Low,Low,Low,Low,Low
Low,Top,Top,Top,Top,Top
Low,Medium,Medium,Low,Medium,Low
Low,Top,High,Top,High,High
Low,Low,Low,Low,Low,Low
Low,High,Top,Medium,High,Top
Low,Top,Top,Top,Top,Top
Low,Top,High,Top,High,Top
Low,Low,Low,Top,Low,Medium
Low,Top,Top,Top,Top,Top
Low,Medium,Medium,Low,Medium,Medium
Low,Medium,Medium,Low,Medium,Low
Low,Top,Top,Top,Top,Top
Low,Medium,Medium,Medium,Medium,Medium
Low,Low,Medium,Low,Medium,Medium
Low,Top,High,Top,High,High
Low,Medium,Medium,Low,Medium,Low
Low,High,High,Medium,High,High
Low,Top,Top,High,High,Top
Low,Low,Low,Low,Low,Low
Low,Top,Top,High,Top,High
Low,Medium,Low,Low,Medium,Medium
Low,Low,Low,Low,Medium,Medium
Low,Top,High,Top,High,Low
Low,Low,Low,Low,Low,Low
Low,Medium,Medium,Medium,Medium,High
Low,Low,Low,Low,Low,Low
Low,Medium,Medium,Low,Medium,Medium
Low,Low,Low,Medium,Medium,Medium
Low,Medium,Medium,Medium,Medium,High
Low,Medium,Medium,Low,Medium,High
Low,Medium,High,High,High,High
Low,Medium,Medium,High,Medium,Low
Low,Low,Low,Low,Low,Medium
Low,Low,Low,Low,Low,High
Low,Medium,Medium,Low,Medium,Low
Low,Low,Low,Low,Low,Low
Low,Medium,Medium,Low,Medium,High
Low,Low,Low,Low,Low,Low
Low,Top,Top,Top,Top,Top
Low,Medium,Medium,Low,Medium,Medium
Low,Medium,Medium,Medium,High,Medium
Low,Medium,Medium,Low,Medium,Low
Low,Low,Low,Low,Low,Low
Low,Low,Low,Low,Low,Medium
Low,Medium,Medium,Medium,Medium,High
Low,Medium,Medium,Low,Medium,High
Low,Low,Low,Low,Low,Low
Low,Medium,Low,Low,Low,Low
Low,Medium,Medium,Medium,Medium,Medium
Low,Top,Top,Top,Top,Medium
Low,Medium,High,Medium,Medium,Low
Low,Top,High,High,High,High
Low,Low,Low,Low,Low,Medium
Low,Medium,Top,Low,High,Medium
Low,Low,Low,Low,Low,Low
Low,High,Medium,High,High,High
Low,Medium,Medium,High,High,Medium
Low,Low,Medium,Low,Low,High
Low,Top,Top,Top,Top,High
Low,Medium,High,High,High,High
Low,High,Top,High,Medium,Top
Low,Low,Low,Low,Low,Medium
Low,High,Top,High,Top,Top
Low,Medium,Low,Medium,Low,Low
Low,Low,Medium,Low,Low,Low
Low,Top,Top,Top,High,Medium
Low,Medium,High,Medium,High,Top
Low,Low,Low,Low,Low,Medium
Low,High,High,Low,Medium,High
Low,Medium,Medium,Low,Medium,Medium
Low,Medium,Medium,Low,Medium,Medium
Low,Medium,Medium,Medium,Medium,High
Low,Medium,Medium,Low,Medium,Top
Low,Low,Low,Low,Low,Low
Low,Medium,Medium,Low,Medium,Medium
Low,Low,Low,Low,Low,Low
Low,Medium,Medium,Low,Medium,High
Low,Medium,High,Medium,Medium,Medium
Low,Medium,Medium,Low,Medium,Medium
Low,Medium,Medium,Low,Medium,Medium
Low,Low,Low,Low,Medium,Top
Low,Top,Top,Top,Top,Top
Low,Top,Top,Top,Top,Top
Low,Low,Low,Low,Low,Low
Low,Top,High,High,High,High
Low,Medium,High,Low,Top,High
Low,High,High,Medium,High,Medium
Low,Low,Low,Low,Low,Medium
Low,Low,Low,Low,Low,Medium
Low,Low,Low,Low,Low,Low
Low,Low,Low,Low,Low,Low
Low,Top,Top,Top,Top,High
Low,Low,Low,Low,Low,Low
Low,Low,Low,Medium,Medium,Low
Low,Low,Low,Low,Low,Low
Low,High,Top,High,Top,Low
Low,Top,High,Top,High,Medium
Low,Medium,Medium,Medium,Medium,Medium
Low,Low,Low,Low,Low,Low
Low,Medium,High,Medium,High,Medium
Low,Medium,Medium,Medium,Medium,Medium
Low,Medium,Medium,Low,Low,Low
Low,Top,High,Top,Medium,Medium
Low,High,High,High,Top,Top
Low,Low,Low,Low,Low,Low
Low,Medium,Medium,Low,Medium,Low
Low,Top,Top,High,Top,Top
Low,Medium,Medium,Low,Medium,Medium
Low,High,High,High,High,Low
Low,Medium,Medium,Low,Low,Medium
Low,Low,Low,Low,Low,Low
Low,Medium,Medium,Low,Low,Medium
Low,Medium,Low,Low,Low,Low
Low,High,High,Medium,High,Top
Low,Medium,Medium,Medium,High,High
Low,Medium,Medium,Low,Medium,Medium
Low,Medium,Medium,Low,Medium,Medium
Low,Top,Top,Top,Top,Top
Low,Top,Top,High,Top,Top
Low,High,High,High,High,Top
Low,Medium,Medium,Low,Medium,Low
Low,Top,High,Medium,High,High
Low,Medium,High,Low,Medium,Medium
Low,Top,Top,Top,Top,High
Low,Top,Top,Top,Top,Top
Low,Top,High,Top,Top,Top
Low,Low,Low,Low,Low,Low
Low,Low,Low,Low,Low,Low
Low,Top,Top,High,Top,Top
Low,High,Top,High,High,Medium
Low,Top,Top,Top,Top,Top
Low,Low,Medium,Low,Low,Low
Low,High,Medium,High,Medium,High
Low,Medium,Medium,Medium,High,Top
Low,High,High,High,High,Top
Low,Low,Low,Low,Low,Low
Low,Medium,High,Medium,High,High
Low,Low,Low,Low,Low,Low
Low,Low,Low,Low,Low,Medium
Low,High,High,High,Top,Top
Low,Medium,Medium,Medium,High,High
Low,High,Top,High,High,High
Low,Medium,Medium,Low,Medium,Low
Low,Medium,Medium,Medium,Medium,Medium
Low,Top,High,Medium,High,Top
Low,Low,Low,Low,Low,Low
Low,Medium,Medium,Medium,Medium,Medium
Low,Top,Top,Top,Top,Top
Low,High,Top,Medium,High,Top
Low,Medium,High,Medium,High,High
Low,Low,Low,Low,Low,Medium
Low,High,High,Low,Medium,Medium
Low,High,High,High,High,High
Low,Top,Top,Top,Top,Top
Low,Low,Low,Low,Low,Low
Low,Low,Low,Low,Low,Low
Low,Medium,Low,Low,Low,Medium
Low,Low,Low,Low,Low,Low
Low,Low,Low,Low,Low,Low
Low,Medium,Medium,Medium,Medium,Medium
Low,Medium,Medium,Low,Top,Top
Low,Top,Top,Top,Top,Top
Low,Low,Medium,Low,Low,Low
Low,Top,Top,High,High,High
Low,Top,High,High,High,High
Low,Medium,Low,Medium,Low,Low
Low,Medium,Medium,Low,Medium,Low
Low,Top,Top,Medium,Top,High
Low,Low,Medium,Low,Low,Low
Low,Medium,Low,Low,Low,Medium
Low,Low,Low,Low,Low,Low
Low,Medium,High,High,Top,Top
Low,Medium,Medium,Medium,Medium,Medium
Low,Medium,Medium,Medium,Medium,Medium
Low,High,High,High,High,Top
Low,High,Top,High,Top,Top
Low,Top,Top,Top,Top,Top
Low,Top,High,Medium,Top,Medium
Low,Medium,Medium,Low,Medium,Medium
Low,High,High,Low,Top,High
Low,Top,Top,Top,Top,High
Low,Low,Medium,Medium,Low,High
Low,Top,Top,Medium,Top,Top
Low,Low,Low,Low,Low,Low
Low,Top,Top,Top,Top,High
Low,Top,Top,High,Top,Top
Low,Medium,Low,Low,Low,Low
Low,High,High,High,Medium,High
Low,Low,Low,Low,Low,Low
Low,Medium,High,Low,High,High
Low,Medium,Medium,Low,Medium,Low
Low,Low,Low,Low,Low,Low
Low,Medium,High,Low,Medium,Medium
Low,Medium,Medium,Low,Medium,Low
Low,High,High,High,High,Medium
Low,Low,Medium,Medium,Medium,Top
Low,Low,Low,Low,Low,Medium
Low,High,Top,High,High,Medium
Low,Low,Low,Low,Low,Low
Low,Low,Low,Medium,Low,Low
Low,Low,Low,Low,Low,Low
Low,Medium,Medium,Medium,Medium,High
Low,Low,Low,Low,Low,Low
Low,Low,Low,Low,Low,Low
Low,Medium,Medium,Low,Medium,Medium
Low,Low,Low,Low,Low,Medium
Low,Top,High,High,Top,Top
Low,Top,High,High,Top,Top
Low,Top,Top,High,Top,High
Low,Medium,Medium,Medium,Medium,Medium
Low,Medium,Medium,Medium,Top,Medium
Low,Low,Low,Low,Low,Low
Low,Low,Low,Low,Low,Medium
Low,Top,Top,Top,Top,High
Low,Top,High,High,High,High
Low,Medium,Medium,Low,Medium,Top
Low,Medium,Medium,Low,Medium,Low
Low,Low,Low,Low,Low,Low
Low,Low,Low,Low,Low,Medium
Low,Top,High,High,High,High
Low,Low,Low,Low,Low,Low
Low,Top,Top,High,Top,High
Low,High,Medium,High,Medium,High
Low,Top,Top,Medium,Top,High
Low,Medium,Medium,Low,Medium,Low
Low,Low,Low,Medium,Low,Medium
Low,Top,Top,Top,Top,Top
Low,Low,Low,Low,Low,Medium
Low,High,Medium,High,Medium,Medium
Low,Medium,Low,Low,Low,Medium
Low,Medium,High,Low,High,High
Low,High,High,Medium,Top,High
Low,Top,Top,High,Top,High
Low,Medium,Medium,Medium,Medium,Medium
Low,Low,Low,Low,Low,Medium
Low,Low,Low,Top,Medium,Low
Low,Medium,Medium,Medium,Medium,Medium
Low,Medium,Medium,Top,Medium,Medium
Low,Medium,Low,Low,Low,Low
Low,Medium,Medium,Medium,Medium,Low
Low,Low,Medium,Low,Low,Low
Low,Low,Low,Low,Low,Medium
Low,Top,Top,Top,Top,High
Low,High,Medium,High,High,High
Low,Low,Low,Low,Low,Top
Low,Medium,Medium,Low,Low,Low
Low,Low,Low,Low,Low,High
Low,Low,Low,Low,Low,Low
Low,Low,Low,Medium,Low,Low
Low,Low,Low,Low,Low,Medium
Low,Medium,Medium,Low,Low,Medium
Low,Medium,Medium,Medium,Medium,Medium
Low,Medium,Low,Medium,High,Medium
Low,High,High,High,Top,Medium
Low,Medium,High,Medium,Top,High
Low,Top,Top,Top,Top,Top
Low,Top,Top,Top,Top,Top
Low,High,High,Medium,Top,Top
Low,Low,Low,Low,Low,Low
Low,Medium,Medium,Low,Medium,Medium
Low,Top,Top,Top,Top,Top
Low,Medium,Medium,Low,Medium,Medium
Low,Medium,Medium,Low,Medium,Medium
Low,Medium,Medium,Low,Medium,Medium
Low,Low,Low,Low,Low,Low
Low,Low,Low,Medium,Medium,Medium
Low,Top,Top,Top,Top,Top
Low,Low,Low,Low,Low,Low
Low,Low,Medium,Low,Medium,Low
Low,Medium,High,Low,Medium,Low
Low,High,Medium,High,Top,Top
Low,High,Medium,High,Medium,Medium
Low,Medium,Low,Low,Medium,Medium
Low,High,Top,High,Top,Medium
Low,Medium,Medium,High,High,High
Low,High,High,Low,Low,High
Low,Medium,High,Top,High,Top
Low,Low,Low,Low,Low,High
Low,Top,High,Top,Top,Medium
Low,Medium,Medium,Low,High,High
Low,Low,Low,Low,Low,Medium
Low,Medium,Low,High,Low,Medium
Low,Top,Top,Top,Top,Top
Low,Top,High,Medium,Medium,High
Low,Low,Low,Low,Low,Low
Low,Top,High,High,Medium,High
Low,Top,Top,Top,Top,Top
Low,Medium,Medium,Low,Medium,Medium
Low,Medium,Medium,Low,Low,High
Low,Low,Medium,Low,Low,Medium
Low,Low,Low,Low,Medium,Medium
Low,Top,Top,High,Top,Top
Low,Low,Low,Low,Low,Top
Low,Medium,Medium,Medium,Medium,Low
Low,Low,Low,Medium,Medium,Low
Low,Medium,Medium,Medium,Medium,Medium
Low,Medium,High,Low,High,High
Low,Medium,Medium,Low,Medium,Medium
Low,High,High,High,Medium,Medium
Low,Low,Low,Low,Low,Low
Low,Medium,Medium,Low,Medium,Low
Low,Top,Top,Top,Top,Top
Low,Medium,Medium,Medium,Medium,Medium
Low,Low,Low,Medium,Low,Low
Low,Medium,Medium,Low,Medium,Medium
Low,Top,Top,Top,Top,Top
Low,High,Top,Top,Top,Top
Low,Low,Low,Low,Low,Medium
Low,Medium,Medium,Low,Medium,Top
Low,Medium,Low,Medium,Low,Low
Low,Top,Top,Top,Top,High
Low,Low,Low,Low,Low,Low
Low,Low,Low,Low,Low,Low
Low,High,High,High,High,High
Low,Low,Medium,Low,Medium,Low
Low,Top,Top,Medium,High,Top
Low,Top,Top,Top,Top,Medium
Low,Low,Medium,Low,Low,Low
Low,Low,Low,Low,Low,Medium
Low,Low,Low,Low,Low,Low
Low,Top,Top,Top,Top,Top
Low,Low,Low,Low,Low,High
Low,High,Medium,High,Medium,Low
Low,Top,Top,Top,Top,Top
Low,High,High,High,High,Medium
Low,Low,Low,Low,Low,Low
Low,High,Medium,Medium,High,High
Low,Medium,High,Medium,High,High
Low,High,Top,Medium,High,Top
Low,Top,High,High,Medium,Medium
Low,Medium,Medium,Low,Medium,Medium
Low,Medium,Medium,Low,High,Low
Low,Medium,Medium,Low,Medium,Medium
Low,Low,Low,Low,Low,Low
Low,Low,Low,Low,Low,Low
Low,Low,Low,Low,Low,Low
Low,Medium,Medium,Medium,Medium,Medium
Low,Low,Low,Low,Low,Low
Low,High,High,Medium,High,High
Low,Low,Low,Low,Low,Low
Low,Medium,Medium,Low,Medium,Medium
Low,Top,Top,Top,Top,Top
Low,High,Medium,High,Medium,High
Low,Medium,Medium,Medium,Medium,Medium
Low,Medium,Medium,Medium,Medium,Medium
Low,High,Medium,High,High,High
Low,Medium,Medium,Low,Medium,Medium
Low,Medium,Medium,Low,Medium,Medium
Low,Top,Top,High,Top,Top
Low,Medium,Medium,High,Medium,Medium
Low,Medium,Medium,Low,Medium,High
Low,Medium,Medium,Medium,Medium,Medium
Low,Top,Top,Medium,High,Top
Low,High,High,High,High,Medium
Low,High,High,Low,Medium,Medium
Low,Low,Low,Low,Low,Low
Low,Low,Low,Low,Low,Medium
Low,Top,Top,Top,Top,Top
Low,Medium,Medium,Medium,Medium,High
Low,Medium,Medium,Low,Medium,Medium
Low,Low,Low,Low,Low,Low
Low,High,Top,High,High,High
Low,Low,Low,Low,Low,Low
Low,Top,High,High,High,High
Low,Medium,Low,Medium,High,Top
Low,Medium,Medium,Medium,Medium,Medium
Low,Low,Low,Low,Low,Low
Low,Medium,Medium,Low,Medium,Medium
Low,Low,Low,Low,Low,Medium
Low,Medium,Medium,Low,Medium,Medium
Low,Top,High,High,Medium,Medium
Low,High,Top,Medium,High,High
Low,Low,Low,Low,Low,Top
Low,Low,Low,Low,Low,Medium
Low,Medium,Medium,Low,Low,Medium
Low,Top,Top,Top,Top,Top
Low,Low,Medium,Low,Medium,Low
Low,High,High,Medium,Top,Low
Low,Low,Low,Low,Low,Low
Low,Medium,Medium,Low,Medium,Medium
Low,Medium,Medium,Medium,Medium,High
Low,Low,Medium,Low,Low,Low
Low,Medium,Medium,Top,High,Medium
Low,Top,High,Top,High,High
Low,High,High,Medium,High,Top
Low,Top,High,High,High,High
Low,Top,Top,Top,Top,Top
Low,Top,Top,High,Top,Top
Low,Low,Low,Low,Low,Low
Low,Medium,Medium,Medium,Medium,High
Low,Top,Top,High,Top,Top
Low,Medium,Medium,Low,Medium,Medium
Low,Low,Low,Low,Low,Low
Low,Medium,Medium,Low,Medium,High
Low,Medium,Medium,Low,Medium,Low
Low,Top,Top,Top,Top,High
Low,Low,Low,Low,Low,Low
Low,Top,Top,Top,Top,Top
Low,Medium,Medium,Medium,Medium,Medium
Low,Medium,High,Medium,High,Top
Low,Top,High,High,Medium,High
Low,Top,Top,High,Top,Top
Low,Top,Top,Top,Medium,Medium
Low,Medium,Medium,Low,Low,Low
Low,Top,High,High,High,High
Low,Low,Low,Low,Low,Low
Low,Medium,Medium,Medium,Medium,Medium
Low,High,High,High,High,Medium
Low,Low,Low,Low,Low,Low
Low,Low,Low,Low,Low,Low
Low,Low,Medium,Low,Low,High
Low,Top,High,Medium,High,Top
Low,Medium,High,Medium,High,High
Low,Low,Medium,Low,Low,Low
Low,High,Medium,Medium,High,High
Low,Medium,Medium,Medium,Medium,High
Low,Top,Top,Top,Top,High
Low,Low,Low,Low,Low,Low
Low,Medium,Low,Low,Low,Low
Low,Low,Low,Low,Low,Low
Low,Low,Low,Low,Low,Low
Low,Medium,Medium,Medium,Medium,Medium
Low,Low,Low,Low,Low,Low
Low,Top,Top,Top,Top,Top
Low,High,High,Medium,Top,Medium
Low,Medium,Medium,Low,Medium,Low
Low,Medium,Medium,Medium,Medium,High
Low,High,High,High,Medium,High
Low,Low,Low,Low,Low,Medium
Low,Medium,Medium,Low,Medium,High
Low,Medium,Medium,Low,Medium,Medium
Low,Low,Low,Low,Low,Low
Low,Low,Medium,Low,Medium,Medium
Low,Low,Low,Low,Low,Low
Low,Medium,Medium,Medium,Medium,Medium
Low,Low,Low,Low,Low,Low
Low,Low,Low,Low,Low,Low
Low,Low,Low,Low,Low,Low
Low,Low,Low,Low,Low,Low
Low,High,Medium,Low,Medium,Low
Low,Low,Medium,Low,Medium,Medium
Low,High,High,Medium,Medium,Medium
Low,Low,Low,Low,Low,Low
Low,Low,Low,Low,Low,Medium
Low,High,High,Low,Medium,Low
Low,Medium,Medium,Low,Medium,Medium
Low,Low,Low,Medium,Low,Low
Low,Low,Low,Low,Low,Low
Low,Top,Top,Top,Top,Top
Low,Medium,Medium,Low,Medium,Low
Low,Medium,Medium,Low,Medium,High
Low,Top,Top,Top,Top,Top
Low,High,Medium,High,Medium,Medium
Low,Low,Low,Low,Low,Low
Low,Medium,Top,Medium,Medium,High
Low,Top,Top,Top,Top,Top
Low,Top,High,Top,Top,Top
Low,Medium,Medium,Low,Medium,Medium
Low,Medium,Medium,Low,Medium,Low
Low,Top,Top,Top,Top,Top
Low,Medium,Medium,Medium,High,Low
Low,Low,Low,Low,Low,Medium
Low,Medium,Medium,Medium,Medium,High
Low,Medium,High,Low,High,Top
Low,Medium,Medium,Low,Medium,Medium
Low,Low,Low,Low,Low,Low
Low,Low,Low,Low,Low,Low
Low,Medium,Medium,Low,Medium,Medium
Low,Medium,Medium,Low,Medium,High
Low,Top,Top,Top,Top,Medium
Low,Low,Low,Low,Low,Low
Low,Medium,Medium,Low,Medium,Medium
Low,Medium,Medium,Medium,Medium,Low
Low,Low,Low,Low,Low,Low
Low,Top,Top,Top,Top,Top
Low,Low,Medium,Top,Medium,Medium
Low,High,Top,Low,Top,Medium
Low,Medium,Medium,Medium,Medium,High
Low,High,Medium,Medium,Medium,High
Low,Medium,Medium,Low,Medium,Medium
Low,Top,Top,Top,Top,Top
Low,Medium,Medium,Low,Medium,Medium
Low,Low,Low,Low,Low,High
Low,High,High,Low,Low,High
Low,Top,Top,High,Top,Top
Low,Medium,High,Top,High,Top
Low,Medium,Medium,Medium,Medium,High
Low,Low,Low,Low,Low,Low
Low,Medium,Top,Low,Top,Medium
Low,Low,Low,Low,Low,Low
Low,Top,Top,Top,Top,Top
Low,Low,Low,Low,Low,Low
Low,Medium,Low,Medium,Low,Low
Low,Low,Low,Low,Low,Low
Low,Low,Low,Low,Low,Low
Low,Low,Medium,Low,Medium,Low
Low,Medium,Medium,Low,Medium,Medium
Low,Top,Top,Top,Top,Medium
Low,Low,Low,Low,Low,Low
Low,Medium,Medium,Low,Medium,High
Low,Medium,Medium,Low,Medium,Low
Low,Top,Top,High,Top,High
Low,Top,High,Top,Top,Medium
Low,Top,High,Medium,Medium,Medium
Low,Medium,Medium,Top,Medium,Medium
Low,Medium,Medium,Low,Medium,Medium
Low,Medium,Medium,Medium,Medium,Medium
Low,Low,Low,Low,Low,Medium
Low,Low,Low,Low,Low,Low
Low,Medium,Medium,Low,Medium,High
Low,Medium,Medium,Low,Medium,Medium
Low,Top,Top,Top,Top,Top
Low,Medium,Medium,Low,High,High
Low,High,High,High,High,Medium
Low,Low,Low,Low,Low,Low
Low,Low,Low,Low,Low,Low
Low,Top,Top,Top,Top,Top
Low,Medium,Medium,Low,Medium,Low
Low,Low,Low,Low,Low,Medium
Low,Medium,Medium,Low,Low,Low
Low,Low,Low,Low,Low,Low
Low,Medium,Medium,Medium,High,Medium
Low,Top,High,Medium,High,Top
Low,Medium,Medium,Low,Medium,Medium
Low,Medium,Top,Medium,Medium,High
Low,Medium,Low,Low,Low,Medium
Low,Medium,Low,Medium,Medium,Medium
Low,Low,Low,Low,Low,Low
Low,Medium,Medium,Medium,Medium,High
Low,Low,Low,High,Low,Low
Low,Top,Top,Top,Top,Top
Low,Top,High,Top,Top,Top
Low,Low,Low,Low,Low,Low
Low,Medium,Medium,Medium,Low,Low
Low,Low,Low,Low,Low,Low
Low,High,Medium,Top,Medium,Medium
Low,High,Top,Medium,Top,High
Low,High,High,High,High,High
Low,Low,Low,Low,Low,Low
Low,Low,Low,Low,Low,Medium
Low,Medium,Medium,Medium,Medium,Low
Low,Low,Low,Low,Low,Low
Low,Top,High,Top,Top,Top
Low,Low,Low,Low,Low,Low
Low,Medium,Medium,Low,Medium,Medium
Low,High,High,Medium,High,Medium
Low,Top,Top,Top,Top,Top
Low,High,Medium,High,High,High
Low,High,High,Medium,High,Top
Low,Medium,Medium,Low,Medium,High
Low,Low,Low,Low,Low,Low
Low,Low,Medium,Low,Low,Low
Low,Medium,High,Low,Top,Top
Low,High,High,Medium,Medium,Medium
Low,Top,High,Medium,Top,High
Low,High,High,High,Medium,Top
Low,Low,Low,Low,Low,Low
Low,High,Medium,Medium,Medium,High
Low,Medium,Medium,Low,Medium,High
Low,Low,Low,Low,Low,Low
Low,Medium,High,Medium,Medium,Medium
Low,Top,Top,Top,Top,Top
Low,Medium,Medium,Low,Medium,Medium
Low,Low,Low,Low,Low,Low
Low,Top,Top,High,Top,Top
Low,Top,Top,Top,Top,Top
Low,High,High,Medium,High,Medium
Low,Low,Low,Low,Low,Low
Low,Medium,Medium,Top,High,Low
Low,Top,Top,Top,Top,Top
Low,Medium,High,Medium,High,High
Low,Top,Top,High,Medium,Medium
Low,Low,Low,Low,Low,Low
Low,Top,Top,Top,Top,Top
Low,Medium,Medium,Medium,Medium,Medium
Low,Medium,Low,Low,Low,Low
Low,Low,Low,Low,Low,Low
Low,Medium,High,Low,Medium,High
Low,Top,Top,Top,Top,Top
Low,High,High,Medium,Top,High
Low,Top,Top,Top,Top,Top
Low,Top,Top,Top,Top,Top
Low,Medium,Medium,Low,Medium,Low
Low,High,High,High,High,High
Low,Medium,Medium,Low,Medium,Medium
Low,Low,Low,Low,Low,Low
Low,High,High,Low,Top,Top
Low,Low,Low,Low,Low,Low
Low,Medium,Medium,Medium,Medium,Medium
Low,Low,Medium,Medium,Medium,Medium
Low,Top,Top,High,Medium,Medium
Low,Low,Low,Low,Low,Low
Low,Low,Low,Low,Low,Medium
Low,Low,Low,Low,Low,Low
Low,Medium,Medium,Low,Medium,Low
Low,High,High,Medium,Medium,Medium
Low,Top,Top,High,Top,High
Low,Top,High,Medium,Top,Top
Low,High,Top,High,Top,Top
Low,Low,Low,Low,Low,Low
Low,Top,Top,High,Top,Top
Low,Low,Low,Low,Low,Low
Low,Top,Top,Top,Top,Top
Low,Low,Low,Low,Low,Low
Low,Medium,Low,Medium,Low,Low
Low,Medium,High,Top,High,Medium
Low,Low,Medium,Low,Low,Medium
Low,Low,Low,Low,Low,Low
Low,Medium,Medium,Medium,Medium,High
Low,Top,Top,Top,Top,Top
Low,Top,Top,High,Top,Top
Low,Medium,Medium,Medium,Medium,High
Low,Top,Top,Top,Top,Top
Low,Medium,Medium,Low,Medium,Low
Low,Low,Low,Low,Low,Low
Low,Medium,Medium,Top,Medium,Low
Low,Low,Low,Low,Low,Low
Low,Top,Top,High,Top,Top
Low,Top,Top,Top,High,High
Low,Low,Low,Low,Low,Low
Low,High,Top,High,Top,High
Low,Medium,High,Medium,High,High
Low,High,High,High,Top,High
Low,Medium,High,Low,Medium,High
Low,Medium,Low,Low,Low,Low
Low,Medium,Medium,Low,Medium,Medium
Low,Medium,Medium,Low,Medium,Medium
Low,Top,Top,Top,Top,Top
Low,Medium,High,Low,Medium,High
Low,Low,Low,Low,Low,Low
Low,Low,Low,Low,Low,Low
Low,Medium,Medium,Medium,Medium,High
Low,High,High,High,High,High
Low,Medium,Medium,Low,Medium,Medium
Low,Top,High,Medium,High,High
Low,Low,Low,Low,Low,Low
Low,Medium,Low,Low,Low,Low
Low,Low,Medium,Low,Low,Top
Low,Medium,Medium,Low,Medium,Medium
Low,Medium,Top,Low,High,Top
Low,Low,Low,Low,Low,Low
Low,High,High,High,High,Top
Low,Low,Medium,Medium,Medium,Medium
Low,Medium,Medium,High,Medium,Medium
Low,Low,Low,Low,Low,Low
Low,Low,Low,Low,Low,Low
Low,Medium,Medium,Medium,Medium,High
Low,Medium,Medium,Low,Medium,Medium
Low,Low,Low,Low,Low,Low
Low,Medium,Medium,High,Medium,Low
Low,High,Medium,High,Top,Top
Low,High,Medium,High,Top,High
Low,Medium,Low,Medium,Medium,Low
Low,Top,High,Top,Top,High
Low,Low,Low,Low,Low,Medium
Low,High,Medium,High,High,High
Low,Low,Low,Medium,Low,Low
Low,Medium,Medium,Low,Low,Medium
Low,Medium,Medium,Low,Medium,Medium
Low,Low,Low,Low,Low,Medium
Low,Low,Medium,Low,Medium,Low
Low,Medium,Medium,Low,Medium,Medium
Low,Medium,Medium,Medium,High,Top
Low,Medium,Medium,Low,Medium,Medium
Low,Low,Low,Top,Low,Low
Low,Low,Low,Low,Low,Medium
Low,Medium,High,Medium,High,Top
Low,Medium,Medium,Medium,Medium,Medium
Low,Medium,Medium,Top,Medium,Low
Low,Medium,Medium,High,High,Medium
Low,High,Medium,High,Medium,Top
Low,Medium,Medium,Low,Medium,Medium
Low,Low,Low,Low,Low,Low
Low,High,Top,High,Top,Top
Low,High,High,High,High,Top
Low,Top,Top,Top,Top,Top
Low,Low,Low,Low,Low,Low
Low,Medium,High,Medium,High,High
Low,Top,Top,Top,Top,Top
Low,High,Top,High,Top,High
Low,Low,Low,Low,Low,Low
Low,High,High,High,High,High
Low,Low,Low,Low,Low,Low
Low,Top,Top,Top,Top,Top
Low,High,Top,High,High,High
Low,Low,Low,Low,Low,Low
Low,Top,Top,High,Top,Top
Low,Medium,Medium,Low,High,High
Low,Top,High,Top,Top,Medium
Low,Medium,Medium,Low,Medium,High
Low,Low,Low,Low,Low,Top
Low,Medium,Medium,Low,Medium,Medium
Low,Low,Low,Low,Low,Low
Low,Medium,Medium,Low,Medium,Top
Low,Medium,Medium,Low,Low,Low
Low,Low,Low,Low,Low,Low
Low,Medium,Medium,Low,Low,Medium
Low,Top,Top,Top,High,High
Low,Top,Top,Top,Top,Top
Low,Low,Low,Low,Low,Low
Low,Top,Top,High,Top,Medium
Low,Medium,Medium,Medium,Medium,Medium
Low,Medium,Low,Low,Low,Low
Low,High,Top,Top,High,Top
Low,Medium,Medium,Medium,Medium,Medium
Low,Medium,Medium,Low,Medium,Medium
Low,Medium,Medium,Medium,Low,Low
Low,Low,Medium,Low,Medium,High
Low,Medium,Medium,Low,Medium,Low
Low,Top,Top,Top,Top,High
Low,Medium,Medium,Low,Medium,Medium
Low,Low,Low,Low,Low,Low
Low,Top,Top,Top,Top,Top
Low,Low,Medium,Medium,Medium,High
Low,High,High,High,High,Medium
Low,Top,Top,Top,Top,Top
Low,Top,Top,High,Top,Medium
Low,Low,Low,Low,Low,Low
Low,Low,Low,Low,Low,Low
Low,Medium,Medium,Low,Medium,Low
Low,Medium,Medium,Medium,Top,High
Low,Low,Low,Low,Low,Low
Low,Medium,Medium,Low,Medium,Medium
Low,Low,Low,Low,Low,Low
Low,Medium,High,Low,Medium,Medium
Low,Top,Top,Top,Top,Top
Low,Medium,Medium,Low,Medium,Low
Low,Low,Low,Low,Low,Medium
Low,Low,Medium,Low,Low,Low
Low,Medium,Medium,Medium,Medium,High
Low,Top,Top,Top,Top,Top
Low,Low,Low,Medium,Low,Low
Low,Top,Top,Top,Top,Top
Low,Low,Medium,Top,Medium,Medium
Low,Top,Top,Top,Top,Top
Low,Low,Low,Low,Low,Medium
Low,Top,Top,Top,Top,Top
Low,Low,Medium,Low,Medium,Low
Low,Medium,Medium,Low,Medium,Low
Low,Low,Low,Low,Low,Low
Low,Medium,Medium,High,Low,Medium
Low,Low,Low,Low,Low,Low
Low,Low,Low,Medium,Low,Low
Low,Top,Top,High,Top,Top
Low,Top,Top,Top,Top,Top
Low,Medium,Medium,Low,Medium,High
Low,Medium,Medium,High,Medium,Medium
Low,Medium,Medium,Low,Medium,Medium
Low,Medium,Medium,Low,Medium,Low
Low,Medium,Medium,Medium,Medium,High
Low,High,High,Medium,Top,Top
Low,High,Medium,Low,Medium,Medium
Low,High,Medium,High,Medium,Low
Low,High,Top,Low,Top,Top
Low,Medium,Medium,Medium,Medium,High
Low,High,Medium,High,High,Medium
Low,Low,Low,Low,Low,Low
Low,Low,Low,Low,Low,Low
Low,Low,Low,Low,Low,Medium
Low,Medium,High,Low,Top,Medium
Low,Top,High,Medium,High,High
Low,Medium,High,Medium,Medium,Top
Low,Top,High,Top,High,High
Low,Medium,Medium,Medium,Medium,Medium
Low,Top,High,Medium,High,High
Low,Medium,Medium,Medium,Top,High
Low,Medium,Medium,Low,Medium,Medium
Low,Top,Top,High,High,Medium
Low,Low,Low,Low,Low,Low
Low,Top,Top,Top,Top,Top
Low,Medium,Medium,Medium,Medium,Low
Low,Top,High,High,High,Top
Low,Medium,High,Medium,High,Medium
Low,Low,Low,Low,Low,Low
Low,Low,Medium,Low,Low,Medium
Low,High,High,High,High,High
Low,Top,High,Top,Medium,Low
Low,Top,Top,Top,Top,High
Low,Low,Low,Low,Low,Low
Low,Medium,High,High,Medium,High
Low,Low,Low,Low,Low,Low
Low,Top,Top,Top,Top,Top
Low,Medium,Medium,Medium,Medium,High
Low,High,Top,Medium,Low,Top
Low,Medium,Medium,Medium,Medium,Medium
Low,Top,Top,High,Top,Top
Low,Top,Top,Top,Top,Top
Low,Low,Low,Low,Low,Low
Low,High,High,High,Top,High
Low,Medium,High,Medium,Medium,Medium
Low,Medium,Medium,Low,Medium,High
Low,Medium,Medium,Medium,Medium,Low
Low,Top,Top,Top,Top,Top
Low,Medium,Medium,Low,Medium,High
Low,Top,Top,High,Top,Top
Low,High,High,Medium,Top,High
Low,Top,Top,Top,Top,Top
Low,Top,High,Top,High,High
Low,Low,Low,Low,Low,Top
Low,Medium,Medium,Medium,Medium,Medium
Low,Top,Top,High,Top,Top
Low,Low,Medium,Low,Low,Low
Low,Medium,Top,Top,Top,Top
Low,Medium,Medium,Low,Medium,Medium
Low,Low,Low,Medium,Low,Low
Low,Low,Low,Low,Low,Low
Low,Medium,High,Top,Top,Top
Low,Low,Low,Low,Low,Low
Low,Top,High,Medium,Top,Medium
Low,Top,High,Medium,High,Top
Low,Low,Low,Low,Low,Low
Low,Top,High,High,High,Medium
Low,Medium,High,Medium,High,Medium
Low,Top,Top,Top,Top,Top
Low,High,High,Low,Medium,Top
Low,Low,Low,Low,Low,Low
Low,Low,Low,Low,Low,Low
Low,Medium,High,Low,Medium,Medium
Low,Low,Low,Low,Low,Medium
Low,Top,Top,Top,Top,Top
Low,Medium,Medium,Medium,Medium,Low
Low,Top,High,High,Top,High
Low,Top,Top,Top,Top,High
Low,High,High,Medium,High,High
Low,Low,Low,Low,Low,Low
Low,Top,Top,Top,Top,Top
Low,Low,Low,Low,Low,Low
Low,Top,Top,High,Top,Top
Low,Top,Top,Top,Top,Top
Low,Low,Low,Low,Low,Low
Low,Medium,Medium,Low,Medium,Medium
Low,High,High,High,High,High
Low,Medium,Medium,Low,Low,Low
Low,Top,Top,Top,Top,Top
Low,Medium,Medium,Low,Medium,Medium
Low,Low,Low,Low,Low,Low
Low,Top,Top,Top,Top,Top
Low,Low,Low,Low,Medium,Low
Low,Low,Low,Low,Low,Low
Low,Top,High,Top,High,Medium
Low,Top,High,Medium,High,Top
Low,Medium,Medium,Low,Medium,Medium
Low,Medium,Medium,Low,Medium,Medium
Low,Medium,Medium,Low,Medium,Medium
Low,Medium,Medium,Medium,Medium,Medium
Low,Top,Top,Top,Top,Top
Low,Medium,High,High,High,Medium
Low,Low,Low,Low,Low,High
Low,Medium,High,Low,High,Low
Low,Top,Top,High,Top,Medium
Low,Low,Low,Low,Low,Low
Low,Medium,Medium,Low,Medium,Medium
Low,Low,Low,Low,Low,Low
Low,Medium,High,Low,High,High
Low,Medium,Medium,Low,Medium,Medium
Low,Low,Low,Low,Low,Medium
Low,Low,Low,Low,Top,Top
Low,Top,High,Medium,Top,Top
Low,Medium,Medium,Top,Medium,Medium
Low,Top,High,Medium,Top,Medium
Low,Medium,Medium,Low,Medium,Medium
Low,Medium,Medium,Medium,Medium,Medium
Low,Top,Top,Top,Top,Top
Low,Low,Low,Medium,Low,Low
Low,Low,Low,Low,Low,Low
Low,Low,Low,Low,Low,Low
Low,Top,Top,Top,Top,Top
Low,Low,Low,Low,Low,Low
Low,Low,Low,Low,Low,Low
Low,Low,Medium,Low,Low,Medium
Low,Medium,Medium,Medium,Medium,Medium
Low,Top,Top,Top,Top,Top
Low,High,High,Low,High,High
Low,Medium,Medium,Top,Medium,Low
Low,Top,Top,Top,Top,Top
Low,Low,Low,Low,Low,Medium
Low,Medium,Medium,Low,Medium,Medium
Low,High,High,Low,Medium,Medium
Low,Low,Low,Low,Low,Low
Low,Low,Low,Low,Low,Low
Low,Top,High,High,Top,Top
Low,Medium,High,Medium,High,High
Low,Medium,Medium,Medium,Medium,Medium
Low,Low,Low,Low,Low,Low
Low,Medium,Medium,Top,Medium,Medium
Low,Top,Top,Top,Top,Top
Low,Top,Top,Top,Top,High
Low,Low,Low,Low,Low,Low
Low,High,Top,Medium,Top,High
Low,Medium,Medium,Low,Medium,Medium
Low,Top,High,Top,Top,Top
Low,Medium,Low,Low,Medium,Medium
Low,Low,Low,Low,Low,Medium
Low,Top,Top,Top,Top,Top
Low,Low,Low,Low,Low,Low
Low,Medium,Low,Medium,Low,High
Low,High,Top,High,Top,Top
Low,Medium,Medium,Medium,Medium,Medium
Low,Low,Low,Low,Low,Low
Low,Low,Low,Low,Low,Medium
Low,Medium,Low,Low,Low,Low
Low,Top,Top,Top,Top,Top
Low,Low,Low,Low,Low,Low
Low,Low,Low,Low,Low,Low
Low,Low,Low,Low,Low,Medium
Low,High,High,Low,Top,Top
Low,High,Medium,High,Medium,Medium
Low,Low,Low,Low,Low,Low
Low,Low,Medium,Low,Low,Medium
Low,High,Top,High,Top,Top
Low,Medium,Low,Low,Medium,Medium
Low,Top,Top,High,Top,Top
Low,Low,Low,Low,Low,Medium
Low,Low,Medium,Low,Low,Medium
Low,Low,Low,Low,Low,Low
Low,Medium,Medium,Top,High,High
Low,Medium,Medium,High,Medium,High
Low,Top,High,High,High,Medium
Low,Low,Low,Low,Low,Top
Low,Top,Top,Top,High,High
Low,High,Medium,High,Medium,Medium
Low,Low,Low,Low,Low,Low
Low,Low,Low,Low,Low,Low
Low,Low,Low,Low,Low,Medium
Low,Low,Low,Low,Low,High
Low,Medium,Medium,Medium,Low,Low
Low,Low,Low,Low,Low,Low
Low,Low,Low,Low,Low,Medium
Low,Low,Low,Low,Low,Medium
Low,Medium,Medium,Low,Medium,Medium
Low,Medium,Medium,Medium,Medium,Medium
Low,High,High,High,High,High
Low,Low,Low,Low,Low,Medium
Low,Low,Low,Low,Low,Low
Low,Low,Medium,Low,Medium,Medium
Low,Top,Top,Top,High,High
Low,Top,Top,Top,Top,Top
Low,Medium,Medium,Low,Medium,Medium
Low,Medium,Medium,Top,Medium,Medium
Low,Low,Low,Low,Low,Medium
Low,Top,Top,High,Medium,High
Low,Low,Low,Low,Low,Low
Low,Medium,Low,Low,Low,Medium
Low,Medium,Medium,Low,Medium,Medium
Low,High,Top,High,Top,Top
Low,High,Medium,High,High,High
Low,Low,Low,Low,Low,Low
Low,Medium,Low,Low,Low,Low
Low,Medium,Low,Low,Low,Medium
Low,Top,Top,Top,Top,Top
Low,Medium,High,High,High,Top
Low,Low,Low,Low,Low,Low
Low,Top,Top,Top,Top,Top
Low,Top,Top,Top,Top,Top
Low,Medium,Medium,Medium,Medium,High
Low,Top,Top,Top,Top,Medium
Low,Medium,Medium,Low,Medium,Top
Low,High,Top,High,Top,Medium
Low,Medium,Medium,Low,Medium,High
Low,Low,Medium,Medium,Low,Medium
Low,Top,Top,Top,High,Top
Low,Low,Low,Low,Low,Low
Low,Medium,Top,Low,Medium,High
Low,High,High,High,Top,Top
Low,Top,Top,High,Top,Top
Low,Top,Top,Top,Top,High
Low,Medium,Medium,Low,Medium,Medium
Low,Top,Top,Top,Top,Top
Low,Top,Top,Top,Top,Top
Low,Low,Low,Medium,Low,Low
Low,Low,Low,Medium,Low,Low
Low,Low,Low,Low,Low,Low
Low,Low,Low,Low,Low,Medium
Low,Medium,High,High,Medium,Top
Low,Top,Top,Top,Top,Top
Low,High,Medium,Medium,Top,Top
Low,High,High,Low,Medium,High
Low,Low,Low,Low,Low,High
Low,Low,Low,Low,Low,Medium
Low,Medium,Medium,Medium,Medium,High
Low,Top,High,Medium,High,High
Low,High,High,High,Medium,High
Low,Low,Low,Low,Low,Low
Low,Low,Low,Low,Low,Low
Low,Top,Top,Top,Top,Top
Low,Top,Top,Top,Top,Top
Low,Medium,Medium,Low,Medium,Low
Low,High,Top,High,High,High
Low,Medium,Low,Low,Low,Low
Low,Top,High,Top,Medium,Medium
Low,Medium,High,Top,Medium,Top
Low,Medium,Medium,High,Medium,High
Low,Low,Low,Medium,Low,Low
Low,Medium,Medium,Low,Medium,High
Low,Medium,Medium,High,Medium,Medium
Low,Low,Low,Low,Low,Low
Low,Medium,Medium,High,Medium,Medium
Low,Medium,Medium,Medium,High,Top
Low,Low,Low,Low,Low,Low
Low,Low,Low,Medium,Low,Low
Low,Top,Top,Top,High,Top
Low,Medium,Medium,Low,Medium,Medium
Low,Top,Top,Top,Top,Medium
Low,Low,Low,Low,Low,Low
Low,Medium,Medium,Medium,Medium,High
Low,Medium,Medium,Low,Medium,Medium
Low,Low,Medium,Low,Low,Medium
Low,Medium,Medium,Low,Medium,Low
Low,Top,Top,Top,Top,Top
Low,Top,High,Medium,Top,High
Low,High,Top,Low,Top,Top
Low,Low,Medium,Low,Low,Low
Low,Top,Top,Top,Top,Top
Low,Low,Low,Low,Low,Low
Low,High,High,Medium,High,Top
Low,Medium,High,Medium,Top,High
Low,Low,Low,Low,Low,Low
Low,Low,Low,Low,Low,Low
Low,Low,Low,Medium,Medium,High
Low,Low,Low,Low,Low,Low
Low,Medium,Medium,Medium,Medium,Medium
Low,Low,Low,Low,Medium,Low
Low,Top,Top,High,Top,Top
Low,Medium,Medium,Low,Medium,Medium
Low,Low,Low,Low,Low,Medium
Low,Medium,Medium,Low,High,Medium
Low,Top,Top,Top,Top,Top
Low,Medium,Medium,Low,Medium,Medium
Low,Medium,Medium,Medium,Medium,Low
Low,Low,Low,Low,Low,Low
Low,Low,Low,Low,Low,Low
Low,Medium,Medium,Medium,Medium,Medium
Low,High,High,Medium,Medium,Top
Low,Top,Top,Top,Top,Top
Low,Low,Low,Low,Low,Medium
Low,Top,High,Medium,Top,Top
Low,High,Top,High,Top,Top
Low,High,Top,High,High,Top
Low,Low,Medium,Low,Medium,Low
Low,Low,Low,Low,Low,Low
Low,High,Top,Medium,Top,High
Low,Medium,Medium,Low,High,Medium
Low,Medium,Medium,Low,Low,High
Low,High,High,High,High,Low
Low,Top,Top,Medium,High,High
Low,Low,Low,Low,Low,Medium
Low,Top,Top,High,Top,High
Low,Medium,Medium,Low,Medium,Low
Low,Top,High,Medium,Top,High
Low,Low,Low,Low,Low,Low
Low,Medium,High,Medium,Medium,Medium
Low,Low,Low,Low,Low,Low
Low,Medium,Medium,Low,Medium,Medium
Low,Low,Medium,Medium,Low,High
Low,Medium,Medium,Low,Medium,Medium
Low,High,Medium,High,Medium,High
Low,Medium,Low,Medium,Low,Medium
Low,High,High,Medium,High,Medium
Low,Top,Top,Medium,Top,Medium
Low,Medium,High,Low,High,High
Low,Medium,Low,Medium,Low,Medium
Low,Low,Medium,Low,Low,Medium
Low,Medium,Low,Low,Low,Low
Low,Medium,Medium,Low,Medium,Low
Low,Low,Low,Low,Low,Low
Low,Medium,Medium,Low,Medium,High
Low,Low,Low,Low,Low,Low
Low,Low,Medium,Low,Low,Low
Low,Top,Top,Top,Top,Top
Low,Top,Top,Top,High,Medium
Low,Medium,Medium,Low,Medium,Low
Low,Top,Top,Top,Top,Top
Low,Medium,Medium,Low,Medium,Low
Low,High,Medium,Top,High,High
Low,Medium,Medium,Medium,Medium,High
Low,Medium,Medium,Medium,Medium,Top
Low,Low,Low,Low,Low,Low
Low,Top,Top,High,Top,High
Low,Top,Top,Top,Top,Top
Low,Top,Top,Top,Top,Top
Low,Medium,High,Medium,Medium,Medium
Low,Low,Low,Low,Low,Low
Low,Top,Top,Top,High,High
Low,Top,Top,Top,Top,Top
Low,Medium,Medium,Low,Medium,High
Low,Top,Top,High,Top,Top
Low,Low,Medium,Low,Low,Low
Low,Top,Top,Top,Top,Medium
Low,Low,Medium,Low,Low,Low
Low,High,High,Low,High,Medium
Low,Medium,Medium,Low,Medium,Medium
Low,Medium,Medium,Low,High,Top
Low,Medium,Low,Low,Medium,Medium
Low,Low,Low,Low,Low,Low
Low,High,Medium,High,High,Top
Low,Low,Low,Low,Low,Low
Low,Top,Top,Top,Top,Medium
Low,Medium,Low,Low,Low,Low
Low,Low,Low,Low,Low,Medium
Low,High,High,Top,High,Top
Low,Medium,High,Top,Medium,Low
Low,Low,Low,Low,Medium,Medium
Low,Medium,Medium,Low,Medium,Top
Low,Low,Low,Low,Low,Medium
Low,Top,High,High,High,High
Low,Low,Low,Low,Low,Low
Low,Medium,Medium,Low,Medium,Medium
Low,Top,Top,Top,Top,High
Low,Top,Top,Top,Top,Top
Low,Top,High,Medium,High,High
Low,Medium,Medium,High,Medium,Low
Low,Top,High,Medium,High,Medium
Low,Top,Top,Top,Top,Top
Low,Low,Medium,Low,Low,Medium
Low,Medium,Low,Low,Medium,High
Low,Medium,High,Low,Medium,High
Low,Low,Medium,Medium,Medium,Medium
Low,Low,Low,Low,Low,Medium
Low,Low,Low,Low,Low,Medium
Low,Top,High,Top,High,Top
Low,Medium,Medium,Low,Medium,Medium
Low,Low,Medium,Low,Low,Low
Low,Top,Top,Top,Top,Top
Low,Medium,Low,Medium,Medium,Medium
Low,Low,Low,Low,Low,Low
Low,High,High,Medium,Medium,Medium
Low,Medium,Medium,Low,Low,Low
Low,Medium,Medium,Medium,Medium,Low
Low,Medium,Medium,Low,Medium,Medium
Low,Low,Low,Medium,Low,Medium
Low,Top,High,Medium,High,Medium
Low,Medium,Medium,Low,Low,Medium
Low,Top,High,Medium,Medium,Top
Low,Top,Top,Top,Top,High
Low,Medium,High,Medium,High,Top
Low,Top,Top,High,High,Medium
Low,Top,Top,Top,Top,Top
Low,Medium,High,Medium,High,High
Low,Low,Low,Low,Low,Medium
Low,Medium,Medium,Low,Medium,Medium
Low,High,High,Medium,Top,Low
Low,Low,Low,Top,Low,Low
Low,Top,Top,Top,Top,Top
Low,Medium,Medium,Low,High,Medium
Low,Low,Low,Low,Low,Low
Low,Low,Low,Low,Low,Low
Low,Top,Top,Top,Top,Top
Low,Low,Low,Low,Low,Low
Low,Medium,High,Medium,High,Medium
Low,Low,Low,Low,Low,Medium
Low,Low,Low,Low,Low,Medium
Low,Low,Low,Low,Low,Low
Low,Medium,Low,Medium,Medium,Medium
Low,Low,Low,Low,Low,Low
Low,Top,Top,Top,Top,Top
Low,Low,Low,Low,Medium,Medium
Low,Top,Top,High,Top,High
Low,Top,Top,Top,Top,Low
Low,Medium,Medium,Medium,Low,High
Low,Top,Top,Top,Top,Top
Low,Low,Low,Low,Low,Top
Low,Top,Top,Top,Top,Top
Low,Medium,Medium,Low,Medium,Low
Low,Top,Top,Top,Top,High
Low,Medium,Medium,Low,Medium,High
Low,Medium,High,Medium,High,Medium
Low,Top,Top,High,Top,Medium
Low,Top,Top,High,Top,Medium
Low,Medium,Medium,Medium,Medium,Medium
Low,Medium,Medium,Low,Medium,High
Low,Medium,Medium,Top,High,Medium
Low,Low,Low,Low,Low,Medium
Low,High,Top,Top,Top,Low
Low,Low,Low,Low,Low,Medium
Low,High,High,Medium,High,Top
Low,Top,High,High,Top,Low
Low,Top,Top,High,Top,High
Low,Medium,Medium,High,Medium,Medium
Low,Medium,Medium,Medium,Medium,Low
Low,Low,Low,Low,Low,Low
Low,Top,Top,Top,Top,Top
Low,Low,Low,Low,Low,Low
Low,Top,High,Top,Top,Top
Low,Low,Low,Low,Low,Medium
Low,Low,Low,Low,Low,Low
Low,Top,Top,Top,Top,Top
Low,Low,Medium,Medium,Medium,Medium
Low,Low,Low,Low,Low,Medium
Low,Low,Low,Low,Low,Low
Low,High,High,High,High,Top
Low,Medium,Medium,Medium,Medium,Medium
Low,Low,Low,Low,Low,High
Low,Top,Top,Top,Top,High
Low,High,High,Medium,Top,Medium
Low,Top,High,High,Top,Medium
Low,Low,Low,Top,Low,Low
Low,High,High,Medium,Medium,Medium
Low,Medium,Medium,Low,Medium,Medium
Low,Medium,Medium,Low,Medium,Medium
Low,Top,Top,High,Medium,Top
Low,Top,Top,Top,Top,Top
Low,Medium,High,Top,Top,High
Low,Medium,Medium,Low,Medium,Low
Low,Medium,Medium,Low,Medium,Low
Low,Low,Low,Low,Low,Low
Low,Medium,Medium,Low,Medium,Medium
Low,Top,Top,Top,Top,High
Low,Low,Medium,Low,Medium,Low
Low,Medium,Medium,Low,Medium,Medium
Low,Medium,Medium,Top,Medium,Medium
Low,Top,Top,Top,Top,High
Low,Medium,Medium,High,Medium,Medium
Low,Low,Low,Low,Low,Low
Low,Low,Low,Low,Low,Medium
Low,Top,Top,Top,Top,Top
Low,Top,High,Medium,High,Medium
Low,Low,Low,Low,Low,Low
Low,Medium,High,Medium,Medium,High
Low,Low,Low,Low,Low,Top
Low,Low,Low,Low,Low,Low
Low,Top,High,Medium,Top,Top
Low,Medium,Medium,Low,Low,Low
Low,High,High,High,Top,Top
Low,Top,Top,Top,Top,Top
Low,High,High,Low,High,High
Low,High,Medium,High,Medium,Top
Low,Medium,Medium,Low,Medium,Low
Low,Top,Top,High,Top,Top
Low,Medium,High,Low,Medium,High
Low,Top,High,Top,High,Medium
Low,Low,Low,Low,Low,Low
Low,Top,Top,Top,Top,Top
Low,Low,Low,Low,Low,Low
Low,Low,Low,Low,Low,Medium
Low,Low,Low,Low,Low,Low
Low,Medium,Medium,Low,Medium,High
Low,Low,Low,Low,Low,Medium
Low,Top,Top,Top,Top,Top
Low,Medium,Medium,Low,Medium,Medium
Low,Low,Low,Low,Low,Low
Low,Top,Top,Top,Top,Top
Low,Top,Top,Top,Top,Top
Low,Low,Low,Medium,Low,Low
Low,Medium,Medium,Low,Medium,Medium
Low,Low,Low,Low,Low,Low
Low,Low,Low,Low,Low,Low
Low,Low,Low,Low,Low,Medium
Low,Medium,Low,Low,Low,Medium
Low,Low,Low,Low,Low,Low
Low,Top,Top,High,Top,Top
Low,High,Top,High,Top,Top
Low,Medium,Medium,Low,Medium,Medium
Low,Low,Low,Low,Low,Low
Low,Medium,Medium,Low,Medium,Medium
Low,Medium,Medium,Low,Medium,Low
Low,Top,Top,Top,Top,Low
Low,Medium,Medium,Top,High,Medium
Low,Low,Low,Low,Low,Medium
Low,High,High,Low,Medium,Medium
Low,Low,Low,Low,Low,Low
Low,Top,Top,Top,Top,Top
Low,High,Top,High,High,High
Low,Low,Low,Low,Low,Low
Low,Medium,Medium,Low,Medium,Medium
Low,High,Top,High,Top,Medium
Low,Medium,Medium,Low,Medium,Medium
Low,Low,Low,Low,Low,Low
Low,High,Top,High,Medium,High
Low,Medium,Medium,Low,Medium,Medium
Low,Medium,Medium,Medium,Medium,Medium
Low,Low,Low,Low,Low,Low
Low,Medium,Top,Low,High,Medium
Low,Medium,Medium,Top,Medium,Low
Low,Top,Top,Medium,Top,Top
Low,Top,Top,Medium,Top,Top
Low,High,High,Medium,Low,Medium
Low,High,High,Medium,Low,High
Low,Top,High,High,High,Low
Low,Medium,Medium,Low,Medium,High
Low,Low,Low,Low,Medium,Low
Low,Low,Low,Low,Low,Low
Low,Top,Top,Top,Top,Top
Low,Top,High,Medium,High,Medium
Low,Low,Medium,Low,Medium,Low
Low,Top,Top,Top,Top,Medium
Low,Low,Low,Low,Low,Low
Low,Top,Top,Top,Top,Top
Low,Low,Low,Low,Low,Low
Low,Low,Low,Medium,Medium,Medium
Low,Low,Low,Low,Low,Medium
Low,Low,Low,Low,Low,Medium
Low,Top,High,High,High,Top
Low,Low,Low,Medium,Medium,Low
Low,Medium,Medium,Medium,Medium,Medium
Low,Low,Low,Low,Low,Low
Low,High,Top,High,High,High
Low,Low,Low,Low,Low,Low
Low,Low,Low,Medium,Medium,Low
Low,Medium,Low,Low,Low,Low
Low,Low,Low,Low,Low,Low
Low,Low,Low,Low,Low,Medium
Low,Medium,Medium,Top,Medium,Medium
Low,High,Top,Medium,High,Medium
Low,High,High,High,High,High
Low,Medium,Medium,High,Medium,Medium
Low,Top,High,Medium,Top,High
Low,Medium,Medium,Low,Medium,High
Low,Top,Top,Top,Top,Top
Low,Medium,Top,Top,Medium,Medium
Low,Low,Low,Low,Low,Low
Low,Top,High,High,Top,High
Low,Low,Medium,Low,Medium,Medium
Low,High,High,Low,Medium,High
Low,Low,Low,Low,Low,Low
Low,Top,High,High,Top,High
Low,Medium,Medium,Low,Medium,Medium
Low,Medium,Medium,Medium,Medium,Low
Low,Top,Top,Top,Top,Top
Low,Low,Low,Low,Low,Low
Low,Medium,Medium,Medium,Medium,Top
Low,Medium,Medium,Low,Medium,Medium
Low,Low,Low,Low,Low,Medium
Low,Top,Top,Top,Top,Top
Low,Medium,Medium,Low,Medium,High
Low,Top,Top,Top,Top,High
Low,Top,Top,Top,Top,High
Low,Medium,Medium,Low,Low,High
Low,Top,Top,Top,Top,High
Low,Low,Low,Low,Low,Low
