rule_id,conditions,antecedent,n_conditions,conclusion,confidence,support_abs,support_pct,error_count
1,members_band = huge AND is_shoujo = 0 AND episodes_band = long,members_band = huge,3,rating_tier = Top,1.0,10,0.11,0
2,members_band = huge AND is_shoujo = 0 AND episodes_band = series,members_band = huge,3,rating_tier = Top,0.96,25,0.26,1
3,members_band = huge AND is_shoujo = 0 AND episodes_band = mid,members_band = huge,3,rating_tier = Top,0.9177,158,1.66,13
4,members_band = huge AND is_shoujo = 0 AND episodes_band = single,members_band = huge,3,rating_tier = Top,0.9167,48,0.5,4
5,members_band = huge AND is_shoujo = 1,members_band = huge,2,rating_tier = Top,0.871,31,0.33,4
6,members_band = huge AND is_shoujo = 0 AND episodes_band = short,members_band = huge,3,rating_tier = Top,0.8047,169,1.78,33
7,members_band = small AND is_shounen = 0 AND episodes_band = short AND is_shoujo = 0,members_band = small,4,rating_tier = Low,0.6815,493,5.18,157
8,"members_band = large AND is_multi_genre = 1 AND members in [4.7e+04, 896229)",members_band = large,3,rating_tier = Top,0.6753,502,5.28,163
9,members_band = tiny AND is_seinen = 0,members_band = tiny,2,rating_tier = Low,0.6718,981,10.31,322
10,"members_band = large AND is_multi_genre = 1 AND members in [1.59e+04, 4.7e+04) AND is_shounen = 1",members_band = large,4,rating_tier = Top,0.6667,228,2.4,76
11,members_band = small AND is_shounen = 0 AND episodes_band = single,members_band = small,3,rating_tier = Low,0.6547,1558,16.38,538
12,members_band = small AND is_shounen = 0 AND episodes_band = series,members_band = small,3,rating_tier = Medium,0.6207,116,1.22,44
13,members_band = small AND is_shounen = 0 AND episodes_band = short AND is_shoujo = 1,members_band = small,4,rating_tier = Medium,0.5385,26,0.27,12
14,"members_band = medium AND is_shounen = 0 AND members in [1707, 3.13e+03) AND is_shoujo = 0",members_band = medium,4,rating_tier = Medium,0.5378,753,7.92,348
15,members_band = small AND is_shounen = 0 AND episodes_band = long,members_band = small,3,rating_tier = Medium,0.5288,208,2.19,98
16,members_band = tiny AND is_seinen = 1,members_band = tiny,2,rating_tier = Medium,0.52,25,0.26,12
17,members_band = small AND is_shounen = 1,members_band = small,2,rating_tier = Medium,0.5115,260,2.73,127
