metric,value
cleaning.raw_rows,12294
cleaning.raw_cols,7
cleaning.raw_missing.anime_id,0
cleaning.raw_missing.name,0
cleaning.raw_missing.genre,62
cleaning.raw_missing.type,25
cleaning.raw_missing.episodes,0
cleaning.raw_missing.rating,230
cleaning.raw_missing.members,0
cleaning.raw_dupes,0
cleaning.episodes_dtype,str
cleaning.duplicate_ids_removed,0
cleaning.clean_rows,12294
cleaning.missing_filled.genre,62
cleaning.missing_filled.type,25
cleaning.missing_filled.rating,230
cleaning.episodes_unparsed,340
cleaning.episodes_impute_median,340
cleaning.rating_missing,230
cleaning.out_rows,12294
outliers[0].attribute,members
outliers[0].q1,225.0
outliers[0].q3,9437.0
outliers[0].iqr,9212.0
outliers[0].lower_fence,-13593.0
outliers[0].upper_fence,23255.0
outliers[0].n_outliers,1900
outliers[0].pct_outliers,15.45
outliers[0].skewness,6.683
outliers[1].attribute,rating
outliers[1].q1,5.9
outliers[1].q3,7.17
outliers[1].iqr,1.27
outliers[1].lower_fence,3.995
outliers[1].upper_fence,9.075
outliers[1].n_outliers,250
outliers[1].pct_outliers,2.03
outliers[1].skewness,-0.555
outliers[2].attribute,episodes
outliers[2].q1,1.0
outliers[2].q3,12.0
outliers[2].iqr,11.0
outliers[2].lower_fence,-15.5
outliers[2].upper_fence,28.5
outliers[2].n_outliers,1123
outliers[2].pct_outliers,9.13
outliers[2].skewness,23.653
outliers[3].attribute,genre_count
outliers[3].q1,2.0
outliers[3].q3,4.0
outliers[3].iqr,2.0
outliers[3].lower_fence,-1.0
outliers[3].upper_fence,7.0
outliers[3].n_outliers,128
outliers[3].pct_outliers,1.04
outliers[3].skewness,0.776
ratings.raw_interactions,7813737
ratings.scored_interactions,6337241
ratings.watched_not_rated,1476496
ratings.n_anime_rated,9927
ratings.n_users_rated,69600
baskets.genre,12294
baskets.user,60345
modelling.classification.rows,11892
modelling.classification.features,58
modelling.classification.class_distribution.Low,3566
modelling.classification.class_distribution.Medium,3502
modelling.classification.class_distribution.High,2350
modelling.classification.class_distribution.Top,2474
modelling.classification.train,9513
modelling.classification.test,2379
modelling.regression.rows,11892
modelling.regression.features,57
modelling.regression.target,rating (0-10 MAL score)
modelling.regression.train,9513
modelling.regression.test,2379
