actual,predicted,residual,abs_residual
5.57,7.791,-2.221,2.221
7.12,6.956,0.164,0.164
7.02,7.168,-0.148,0.148
7.55,7.466,0.084,0.084
5.23,5.331,-0.101,0.101
5.29,6.113,-0.823,0.823
5.4,5.891,-0.491,0.491
6.84,6.472,0.368,0.368
7.09,7.032,0.058,0.058
6.34,6.554,-0.214,0.214
6.91,5.673,1.237,1.237
4.78,6.062,-1.282,1.282
6.74,6.844,-0.104,0.104
4.37,5.288,-0.918,0.918
7.32,7.541,-0.221,0.221
7.56,7.339,0.221,0.221
4.8,5.985,-1.185,1.185
5.83,5.764,0.066,0.066
6.79,6.944,-0.154,0.154
5.52,6.152,-0.632,0.632
6.18,6.214,-0.034,0.034
8.2,8.661,-0.461,0.461
5.86,5.936,-0.076,0.076
7.52,6.712,0.808,0.808
5.48,6.101,-0.621,0.621
7.63,7.142,0.488,0.488
5.68,5.563,0.117,0.117
7.29,7.496,-0.206,0.206
6.34,6.404,-0.064,0.064
6.06,5.74,0.32,0.32
8.13,7.089,1.041,1.041
6.67,6.333,0.337,0.337
7.86,7.272,0.588,0.588
6.6,5.53,1.07,1.07
8.12,7.245,0.875,0.875
6.84,6.586,0.254,0.254
7.78,7.52,0.26,0.26
6.9,6.757,0.143,0.143
6.9,6.829,0.071,0.071
8.03,7.703,0.327,0.327
6.11,6.485,-0.375,0.375
3.27,4.813,-1.543,1.543
6.73,5.727,1.003,1.003
7.33,7.207,0.123,0.123
6.4,6.531,-0.131,0.131
3.91,6.349,-2.439,2.439
6.7,6.712,-0.012,0.012
7.71,7.671,0.039,0.039
6.77,6.986,-0.216,0.216
6.9,6.998,-0.098,0.098
5.04,6.761,-1.721,1.721
7.52,7.464,0.056,0.056
7.64,7.214,0.426,0.426
6.64,4.743,1.897,1.897
6.23,6.287,-0.057,0.057
6.52,6.974,-0.454,0.454
5.8,5.894,-0.094,0.094
4.33,5.696,-1.366,1.366
6.5,6.654,-0.154,0.154
6.04,7.166,-1.126,1.126
6.28,7.041,-0.761,0.761
6.9,6.593,0.307,0.307
5.62,5.616,0.004,0.004
6.16,6.641,-0.481,0.481
6.31,6.172,0.138,0.138
7.57,7.726,-0.156,0.156
6.07,5.608,0.462,0.462
6.38,5.612,0.768,0.768
8.0,5.063,2.937,2.937
3.98,6.035,-2.055,2.055
5.13,5.513,-0.383,0.383
6.18,5.854,0.326,0.326
3.89,4.514,-0.624,0.624
5.33,5.897,-0.567,0.567
6.81,6.338,0.472,0.472
7.17,7.018,0.152,0.152
6.0,5.359,0.641,0.641
6.8,7.326,-0.526,0.526
6.12,6.418,-0.298,0.298
5.81,6.061,-0.251,0.251
4.7,4.846,-0.146,0.146
8.83,8.341,0.489,0.489
6.64,6.412,0.228,0.228
5.17,5.746,-0.576,0.576
6.48,7.057,-0.577,0.577
7.38,7.174,0.206,0.206
7.28,6.477,0.803,0.803
5.24,5.374,-0.134,0.134
7.97,7.662,0.308,0.308
4.46,4.602,-0.142,0.142
6.17,5.587,0.583,0.583
5.68,6.554,-0.874,0.874
5.77,5.619,0.151,0.151
6.96,6.42,0.54,0.54
5.85,6.717,-0.867,0.867
6.65,6.538,0.112,0.112
6.88,6.659,0.221,0.221
6.53,5.721,0.809,0.809
5.5,5.912,-0.412,0.412
7.63,7.464,0.166,0.166
7.39,6.584,0.806,0.806
7.18,7.312,-0.132,0.132
4.28,5.569,-1.289,1.289
7.46,6.867,0.593,0.593
6.48,6.526,-0.046,0.046
6.32,5.756,0.564,0.564
6.63,6.646,-0.016,0.016
6.24,6.389,-0.149,0.149
7.28,6.557,0.723,0.723
6.68,7.481,-0.801,0.801
6.52,7.01,-0.49,0.49
6.14,5.351,0.789,0.789
6.58,6.042,0.538,0.538
5.22,5.933,-0.713,0.713
6.78,6.846,-0.066,0.066
6.86,6.74,0.12,0.12
7.56,6.988,0.572,0.572
6.68,6.453,0.227,0.227
5.84,5.834,0.006,0.006
6.71,6.588,0.122,0.122
6.36,6.279,0.081,0.081
6.14,6.123,0.017,0.017
7.0,7.058,-0.058,0.058
5.57,5.851,-0.281,0.281
6.83,6.798,0.032,0.032
7.04,6.999,0.041,0.041
5.47,5.712,-0.242,0.242
5.68,6.017,-0.337,0.337
7.75,6.845,0.905,0.905
4.32,4.848,-0.528,0.528
7.22,5.774,1.446,1.446
5.0,5.663,-0.663,0.663
6.36,6.414,-0.054,0.054
6.53,6.469,0.061,0.061
6.32,6.239,0.081,0.081
6.49,6.668,-0.178,0.178
6.68,6.119,0.561,0.561
7.11,6.204,0.906,0.906
6.81,6.56,0.25,0.25
6.0,5.381,0.619,0.619
6.45,5.859,0.591,0.591
6.91,6.989,-0.079,0.079
6.49,6.791,-0.301,0.301
6.64,6.726,-0.086,0.086
6.7,6.111,0.589,0.589
3.65,5.475,-1.825,1.825
7.26,7.025,0.235,0.235
7.91,7.853,0.057,0.057
6.79,6.553,0.237,0.237
4.38,4.427,-0.047,0.047
5.9,5.925,-0.025,0.025
6.86,7.159,-0.299,0.299
6.39,5.9,0.49,0.49
7.8,7.456,0.344,0.344
8.09,7.411,0.679,0.679
5.4,5.561,-0.161,0.161
5.0,5.708,-0.708,0.708
6.09,6.071,0.019,0.019
6.49,6.481,0.009,0.009
6.19,6.277,-0.087,0.087
5.67,6.076,-0.406,0.406
6.35,6.668,-0.318,0.318
5.75,6.101,-0.351,0.351
7.32,7.405,-0.085,0.085
7.77,7.337,0.433,0.433
4.0,5.378,-1.378,1.378
7.37,7.491,-0.121,0.121
6.6,6.551,0.049,0.049
5.67,5.439,0.231,0.231
7.05,6.757,0.293,0.293
7.04,6.724,0.316,0.316
5.38,5.714,-0.334,0.334
6.98,6.378,0.602,0.602
5.0,4.809,0.191,0.191
6.92,5.844,1.076,1.076
5.68,5.713,-0.033,0.033
6.81,6.441,0.369,0.369
7.22,5.977,1.243,1.243
6.45,6.771,-0.321,0.321
6.1,6.419,-0.319,0.319
5.3,5.744,-0.444,0.444
8.33,7.819,0.511,0.511
5.82,5.782,0.038,0.038
6.52,5.92,0.6,0.6
6.46,5.808,0.652,0.652
6.32,5.606,0.714,0.714
6.7,6.845,-0.145,0.145
6.83,6.251,0.579,0.579
7.79,7.707,0.083,0.083
7.59,7.013,0.577,0.577
6.14,5.761,0.379,0.379
6.36,7.114,-0.754,0.754
8.41,8.023,0.387,0.387
7.29,7.249,0.041,0.041
7.55,7.289,0.261,0.261
6.05,6.149,-0.099,0.099
6.83,5.834,0.996,0.996
6.63,7.011,-0.381,0.381
6.04,5.89,0.15,0.15
5.49,5.692,-0.202,0.202
5.5,5.625,-0.125,0.125
6.24,5.456,0.784,0.784
6.67,6.208,0.462,0.462
6.17,5.349,0.821,0.821
7.08,6.686,0.394,0.394
7.52,7.441,0.079,0.079
4.54,4.693,-0.153,0.153
6.95,7.057,-0.107,0.107
6.87,6.319,0.551,0.551
4.85,4.869,-0.019,0.019
7.1,7.88,-0.78,0.78
6.0,6.011,-0.011,0.011
6.82,6.612,0.208,0.208
4.53,4.906,-0.376,0.376
5.54,6.505,-0.965,0.965
6.63,6.158,0.472,0.472
8.5,8.173,0.327,0.327
7.89,7.091,0.799,0.799
7.38,7.322,0.058,0.058
4.4,4.466,-0.066,0.066
6.66,6.417,0.243,0.243
4.4,4.435,-0.035,0.035
7.38,7.183,0.197,0.197
6.38,6.735,-0.355,0.355
7.32,7.573,-0.253,0.253
6.43,6.728,-0.298,0.298
4.11,4.867,-0.757,0.757
5.58,5.771,-0.191,0.191
7.33,6.554,0.776,0.776
5.48,4.868,0.612,0.612
7.76,7.614,0.146,0.146
7.07,7.432,-0.362,0.362
6.4,6.673,-0.273,0.273
8.5,7.759,0.741,0.741
6.4,6.045,0.355,0.355
6.81,6.505,0.305,0.305
6.85,6.864,-0.014,0.014
5.91,6.091,-0.181,0.181
6.01,6.075,-0.065,0.065
6.66,7.014,-0.354,0.354
5.5,6.817,-1.317,1.317
4.9,4.806,0.094,0.094
6.94,6.627,0.313,0.313
5.38,6.137,-0.757,0.757
5.36,6.637,-1.277,1.277
5.79,5.96,-0.17,0.17
5.93,6.556,-0.626,0.626
7.08,6.887,0.193,0.193
7.0,6.212,0.788,0.788
6.53,5.901,0.629,0.629
7.02,7.251,-0.231,0.231
5.89,6.12,-0.23,0.23
6.5,6.244,0.256,0.256
6.41,5.756,0.654,0.654
7.02,7.2,-0.18,0.18
6.79,5.894,0.896,0.896
6.02,5.733,0.287,0.287
6.3,6.541,-0.241,0.241
5.87,5.721,0.149,0.149
7.82,7.174,0.646,0.646
6.51,6.819,-0.309,0.309
6.57,6.512,0.058,0.058
6.34,6.303,0.037,0.037
6.38,6.554,-0.174,0.174
8.47,7.271,1.199,1.199
7.52,7.09,0.43,0.43
7.35,7.601,-0.251,0.251
7.0,5.398,1.602,1.602
7.4,6.102,1.298,1.298
7.69,8.118,-0.428,0.428
6.5,6.723,-0.223,0.223
8.05,7.794,0.256,0.256
7.4,7.171,0.229,0.229
6.81,6.707,0.103,0.103
6.96,7.236,-0.276,0.276
6.8,6.617,0.183,0.183
6.05,5.834,0.216,0.216
8.06,7.573,0.487,0.487
7.14,6.316,0.824,0.824
7.56,7.01,0.55,0.55
6.62,5.805,0.815,0.815
7.73,7.128,0.602,0.602
5.7,5.883,-0.183,0.183
6.62,7.087,-0.467,0.467
4.97,6.395,-1.425,1.425
6.83,6.66,0.17,0.17
6.73,6.681,0.049,0.049
7.43,6.863,0.567,0.567
5.61,5.759,-0.149,0.149
6.06,5.497,0.563,0.563
6.3,6.454,-0.154,0.154
6.32,7.656,-1.336,1.336
7.24,7.139,0.101,0.101
6.07,5.819,0.251,0.251
7.7,6.984,0.716,0.716
6.48,6.472,0.008,0.008
6.73,6.662,0.068,0.068
5.33,5.748,-0.418,0.418
5.06,5.999,-0.939,0.939
5.75,6.546,-0.796,0.796
6.3,6.452,-0.152,0.152
7.55,7.699,-0.149,0.149
5.83,5.714,0.116,0.116
6.8,6.838,-0.038,0.038
6.56,6.786,-0.226,0.226
7.49,7.399,0.091,0.091
4.12,4.874,-0.754,0.754
7.16,6.881,0.279,0.279
6.26,5.655,0.605,0.605
6.59,7.231,-0.641,0.641
4.2,4.625,-0.425,0.425
7.74,7.114,0.626,0.626
6.66,6.441,0.219,0.219
6.67,6.858,-0.188,0.188
6.33,6.109,0.221,0.221
7.27,6.987,0.283,0.283
5.64,5.831,-0.191,0.191
8.67,7.62,1.05,1.05
7.1,6.73,0.37,0.37
6.2,6.627,-0.427,0.427
6.55,6.665,-0.115,0.115
6.32,5.462,0.858,0.858
6.64,6.175,0.465,0.465
6.82,7.35,-0.53,0.53
7.36,7.687,-0.327,0.327
5.98,6.682,-0.702,0.702
6.56,5.687,0.873,0.873
7.92,6.934,0.986,0.986
6.44,7.093,-0.653,0.653
8.13,7.349,0.781,0.781
7.29,7.531,-0.241,0.241
7.33,6.152,1.178,1.178
8.26,7.756,0.504,0.504
7.93,7.954,-0.024,0.024
6.57,6.792,-0.222,0.222
6.44,6.515,-0.075,0.075
7.15,6.356,0.794,0.794
6.34,7.032,-0.692,0.692
6.85,6.182,0.668,0.668
6.62,6.61,0.01,0.01
4.07,5.551,-1.481,1.481
7.1,7.067,0.033,0.033
7.26,7.249,0.011,0.011
6.96,6.653,0.307,0.307
5.19,6.181,-0.991,0.991
7.08,6.811,0.269,0.269
7.32,7.38,-0.06,0.06
7.47,6.248,1.222,1.222
5.83,6.664,-0.834,0.834
7.34,7.246,0.094,0.094
5.73,6.283,-0.553,0.553
6.25,5.628,0.622,0.622
5.78,6.571,-0.791,0.791
6.72,6.282,0.438,0.438
5.38,6.113,-0.733,0.733
6.51,6.337,0.173,0.173
6.53,6.398,0.132,0.132
6.52,6.897,-0.377,0.377
6.5,5.717,0.783,0.783
6.9,7.065,-0.165,0.165
5.28,4.597,0.683,0.683
6.0,6.855,-0.855,0.855
6.87,6.623,0.247,0.247
6.22,6.21,0.01,0.01
7.02,5.99,1.03,1.03
6.4,6.486,-0.086,0.086
6.55,7.335,-0.785,0.785
6.63,6.304,0.326,0.326
7.19,7.24,-0.05,0.05
6.19,5.799,0.391,0.391
7.19,7.28,-0.09,0.09
7.56,6.951,0.609,0.609
4.98,5.476,-0.496,0.496
6.48,7.112,-0.632,0.632
6.9,6.899,0.001,0.001
6.5,4.899,1.601,1.601
6.8,6.595,0.205,0.205
5.88,5.705,0.175,0.175
5.18,5.457,-0.277,0.277
6.37,6.205,0.165,0.165
6.73,7.344,-0.614,0.614
6.92,6.696,0.224,0.224
4.27,5.43,-1.16,1.16
5.28,5.297,-0.017,0.017
6.47,6.559,-0.089,0.089
4.32,5.024,-0.704,0.704
7.13,6.284,0.846,0.846
6.83,6.582,0.248,0.248
6.69,6.868,-0.178,0.178
7.38,6.981,0.399,0.399
7.15,6.173,0.977,0.977
6.44,6.561,-0.121,0.121
8.93,8.223,0.707,0.707
6.89,7.029,-0.139,0.139
5.93,5.814,0.116,0.116
6.65,5.872,0.778,0.778
5.48,5.565,-0.085,0.085
6.77,6.736,0.034,0.034
6.58,6.048,0.532,0.532
5.09,5.77,-0.68,0.68
6.62,5.987,0.633,0.633
7.18,7.084,0.096,0.096
7.29,7.164,0.126,0.126
5.13,5.738,-0.608,0.608
5.89,5.96,-0.07,0.07
5.97,6.384,-0.414,0.414
7.25,7.103,0.147,0.147
5.88,6.227,-0.347,0.347
7.61,7.116,0.494,0.494
6.05,5.569,0.481,0.481
6.72,7.549,-0.829,0.829
7.86,7.25,0.61,0.61
7.74,7.882,-0.142,0.142
7.94,7.296,0.644,0.644
6.4,6.082,0.318,0.318
8.04,7.066,0.974,0.974
7.8,7.787,0.013,0.013
5.83,5.918,-0.088,0.088
6.36,7.006,-0.646,0.646
7.35,7.338,0.012,0.012
6.9,6.626,0.274,0.274
6.98,7.329,-0.349,0.349
5.94,6.379,-0.439,0.439
6.28,6.784,-0.504,0.504
6.42,5.869,0.551,0.551
6.22,6.233,-0.013,0.013
6.64,6.584,0.056,0.056
6.09,6.574,-0.484,0.484
5.65,5.742,-0.092,0.092
5.96,6.766,-0.806,0.806
6.57,6.319,0.251,0.251
6.91,7.255,-0.345,0.345
6.67,6.846,-0.176,0.176
5.88,5.437,0.443,0.443
5.36,6.85,-1.49,1.49
6.13,5.626,0.504,0.504
5.41,5.549,-0.139,0.139
7.2,7.653,-0.453,0.453
6.4,6.986,-0.586,0.586
6.06,5.663,0.397,0.397
5.45,5.867,-0.417,0.417
8.65,7.625,1.025,1.025
4.67,5.545,-0.875,0.875
5.81,5.614,0.196,0.196
6.32,6.659,-0.339,0.339
5.92,5.639,0.281,0.281
6.47,7.025,-0.555,0.555
8.51,8.125,0.385,0.385
6.57,6.512,0.058,0.058
7.25,7.187,0.063,0.063
6.59,6.941,-0.351,0.351
5.06,5.612,-0.552,0.552
6.38,5.788,0.592,0.592
8.09,7.471,0.619,0.619
4.78,5.853,-1.073,1.073
7.05,6.711,0.339,0.339
6.5,6.361,0.139,0.139
6.81,6.203,0.607,0.607
7.42,7.551,-0.131,0.131
6.75,7.137,-0.387,0.387
6.21,6.205,0.005,0.005
6.31,5.91,0.4,0.4
8.31,7.406,0.904,0.904
8.32,8.084,0.236,0.236
4.23,5.741,-1.511,1.511
7.07,6.551,0.519,0.519
7.03,7.657,-0.627,0.627
7.72,7.08,0.64,0.64
6.71,7.02,-0.31,0.31
5.33,6.409,-1.079,1.079
6.28,6.205,0.075,0.075
6.15,5.713,0.437,0.437
7.16,7.79,-0.63,0.63
7.55,7.499,0.051,0.051
5.68,6.322,-0.642,0.642
6.25,6.514,-0.264,0.264
5.74,6.178,-0.438,0.438
7.44,7.731,-0.291,0.291
6.45,6.53,-0.08,0.08
6.25,6.48,-0.23,0.23
3.54,4.732,-1.192,1.192
4.52,5.288,-0.768,0.768
5.0,6.172,-1.172,1.172
8.01,7.803,0.207,0.207
5.86,6.102,-0.242,0.242
5.0,6.004,-1.004,1.004
5.88,5.834,0.046,0.046
7.96,7.61,0.35,0.35
6.88,7.344,-0.464,0.464
4.5,4.927,-0.427,0.427
7.47,6.921,0.549,0.549
7.47,6.927,0.543,0.543
6.72,7.139,-0.419,0.419
5.25,6.569,-1.319,1.319
8.16,8.134,0.026,0.026
7.04,7.002,0.038,0.038
6.21,5.669,0.541,0.541
6.5,6.311,0.189,0.189
5.77,6.205,-0.435,0.435
4.0,4.828,-0.828,0.828
7.0,5.67,1.33,1.33
5.95,6.123,-0.173,0.173
6.72,6.648,0.072,0.072
6.73,7.531,-0.801,0.801
6.9,5.88,1.02,1.02
7.09,6.342,0.748,0.748
6.81,7.075,-0.265,0.265
7.06,6.319,0.741,0.741
7.11,7.502,-0.392,0.392
4.6,5.592,-0.992,0.992
5.27,5.518,-0.248,0.248
7.4,7.592,-0.192,0.192
7.41,6.062,1.348,1.348
6.69,6.313,0.377,0.377
7.04,7.063,-0.023,0.023
8.0,5.827,2.173,2.173
5.4,4.693,0.707,0.707
5.33,6.56,-1.23,1.23
5.48,5.753,-0.273,0.273
6.42,6.901,-0.481,0.481
6.04,5.89,0.15,0.15
6.02,6.076,-0.056,0.056
5.85,6.101,-0.251,0.251
3.8,4.877,-1.077,1.077
6.04,4.81,1.23,1.23
2.98,5.746,-2.766,2.766
4.88,5.701,-0.821,0.821
7.72,7.099,0.621,0.621
6.82,7.061,-0.241,0.241
5.13,7.17,-2.04,2.04
6.6,6.559,0.041,0.041
8.0,7.212,0.788,0.788
7.45,6.614,0.836,0.836
7.01,6.687,0.323,0.323
6.18,5.794,0.386,0.386
6.71,6.319,0.391,0.391
7.49,6.69,0.8,0.8
5.89,5.71,0.18,0.18
7.65,6.983,0.667,0.667
6.11,6.889,-0.779,0.779
6.0,5.105,0.895,0.895
6.0,6.178,-0.178,0.178
2.67,5.784,-3.114,3.114
6.34,6.411,-0.071,0.071
6.4,6.31,0.09,0.09
6.62,6.308,0.312,0.312
6.21,5.971,0.239,0.239
7.31,5.892,1.418,1.418
7.07,6.917,0.153,0.153
5.5,5.467,0.033,0.033
6.22,6.167,0.053,0.053
6.64,6.759,-0.119,0.119
8.49,8.045,0.445,0.445
7.64,7.987,-0.347,0.347
5.5,5.78,-0.28,0.28
7.0,7.096,-0.096,0.096
6.27,6.316,-0.046,0.046
6.18,7.352,-1.172,1.172
6.47,5.803,0.667,0.667
8.31,8.045,0.265,0.265
5.54,5.192,0.348,0.348
7.86,7.636,0.224,0.224
7.3,6.985,0.315,0.315
5.2,5.904,-0.704,0.704
7.6,7.274,0.326,0.326
8.02,7.57,0.45,0.45
5.87,6.422,-0.552,0.552
7.33,7.41,-0.08,0.08
7.08,7.042,0.038,0.038
6.74,7.206,-0.466,0.466
8.71,8.134,0.576,0.576
6.38,6.657,-0.277,0.277
6.57,7.12,-0.55,0.55
8.38,5.615,2.765,2.765
6.25,6.167,0.083,0.083
7.92,8.007,-0.087,0.087
5.15,5.476,-0.326,0.326
6.02,6.14,-0.12,0.12
6.3,5.276,1.024,1.024
7.36,6.84,0.52,0.52
6.18,6.067,0.113,0.113
6.33,5.973,0.357,0.357
6.86,7.238,-0.378,0.378
7.4,6.92,0.48,0.48
8.16,8.315,-0.155,0.155
7.26,6.849,0.411,0.411
5.11,5.653,-0.543,0.543
5.89,7.096,-1.206,1.206
6.5,7.323,-0.823,0.823
4.55,5.718,-1.168,1.168
4.0,4.866,-0.866,0.866
6.36,7.22,-0.86,0.86
5.6,5.956,-0.356,0.356
4.7,5.184,-0.484,0.484
5.85,6.088,-0.238,0.238
7.4,7.611,-0.211,0.211
5.7,5.868,-0.168,0.168
7.08,7.271,-0.191,0.191
7.48,7.308,0.172,0.172
6.09,5.903,0.187,0.187
5.78,6.065,-0.285,0.285
6.28,6.336,-0.056,0.056
6.6,6.612,-0.012,0.012
5.75,6.34,-0.59,0.59
8.33,6.213,2.117,2.117
8.37,7.984,0.386,0.386
7.3,7.002,0.298,0.298
6.38,6.952,-0.572,0.572
5.95,5.705,0.245,0.245
7.9,7.114,0.786,0.786
6.75,6.329,0.421,0.421
6.82,6.989,-0.169,0.169
5.51,5.635,-0.125,0.125
4.35,5.828,-1.478,1.478
8.06,7.561,0.499,0.499
7.19,7.033,0.157,0.157
6.01,6.464,-0.454,0.454
6.06,6.496,-0.436,0.436
6.99,6.934,0.056,0.056
6.94,7.057,-0.117,0.117
6.31,5.664,0.646,0.646
7.11,7.409,-0.299,0.299
6.34,6.997,-0.657,0.657
6.15,6.626,-0.476,0.476
6.85,7.048,-0.198,0.198
5.07,4.625,0.445,0.445
4.28,4.492,-0.212,0.212
6.82,6.582,0.238,0.238
7.15,6.34,0.81,0.81
5.47,5.743,-0.273,0.273
5.49,5.681,-0.191,0.191
5.61,6.001,-0.391,0.391
7.52,7.208,0.312,0.312
8.2,7.604,0.596,0.596
5.88,6.983,-1.103,1.103
4.16,5.307,-1.147,1.147
3.89,5.305,-1.415,1.415
5.91,5.89,0.02,0.02
6.25,5.809,0.441,0.441
8.32,8.216,0.104,0.104
6.71,6.373,0.337,0.337
7.44,7.969,-0.529,0.529
7.45,7.153,0.297,0.297
5.46,6.603,-1.143,1.143
5.58,5.645,-0.065,0.065
7.76,8.126,-0.366,0.366
6.81,7.05,-0.24,0.24
6.07,5.73,0.34,0.34
7.32,7.604,-0.284,0.284
7.24,6.767,0.473,0.473
7.65,6.997,0.653,0.653
3.8,5.727,-1.927,1.927
5.8,5.897,-0.097,0.097
7.33,5.337,1.993,1.993
6.44,7.221,-0.781,0.781
7.19,7.031,0.159,0.159
6.92,6.858,0.062,0.062
5.82,5.74,0.08,0.08
6.85,7.488,-0.638,0.638
5.6,5.607,-0.007,0.007
6.56,5.817,0.743,0.743
6.88,7.075,-0.195,0.195
8.12,7.623,0.497,0.497
6.02,6.307,-0.287,0.287
6.78,6.404,0.376,0.376
8.19,7.59,0.6,0.6
4.8,5.107,-0.307,0.307
6.78,6.307,0.473,0.473
6.99,7.185,-0.195,0.195
6.15,6.308,-0.158,0.158
6.53,6.618,-0.088,0.088
3.17,4.662,-1.492,1.492
5.81,6.155,-0.345,0.345
6.38,6.669,-0.289,0.289
8.0,7.135,0.865,0.865
5.61,6.34,-0.73,0.73
6.61,6.171,0.439,0.439
7.13,6.292,0.838,0.838
6.97,5.982,0.988,0.988
7.46,7.229,0.231,0.231
6.12,5.996,0.124,0.124
7.21,7.426,-0.216,0.216
7.57,5.288,2.282,2.282
5.5,6.718,-1.218,1.218
6.32,6.187,0.133,0.133
6.9,6.455,0.445,0.445
6.48,6.1,0.38,0.38
6.1,6.753,-0.653,0.653
8.05,7.448,0.602,0.602
7.63,7.348,0.282,0.282
7.57,7.419,0.151,0.151
7.34,7.962,-0.622,0.622
6.32,7.58,-1.26,1.26
6.58,6.799,-0.219,0.219
6.5,5.897,0.603,0.603
6.2,6.122,0.078,0.078
6.38,6.155,0.225,0.225
6.99,6.551,0.439,0.439
4.27,5.832,-1.562,1.562
7.81,7.629,0.181,0.181
7.55,7.137,0.413,0.413
6.75,6.855,-0.105,0.105
6.9,6.967,-0.067,0.067
8.25,8.219,0.031,0.031
7.66,7.827,-0.167,0.167
7.63,7.618,0.012,0.012
5.06,5.742,-0.682,0.682
3.53,4.884,-1.354,1.354
6.2,6.897,-0.697,0.697
5.36,6.42,-1.06,1.06
5.17,5.599,-0.429,0.429
3.6,5.364,-1.764,1.764
6.08,5.569,0.511,0.511
5.23,6.595,-1.365,1.365
7.35,6.885,0.465,0.465
7.31,6.899,0.411,0.411
5.71,6.14,-0.43,0.43
6.74,7.004,-0.264,0.264
7.18,7.08,0.1,0.1
6.48,6.533,-0.053,0.053
6.91,5.864,1.046,1.046
5.58,5.751,-0.171,0.171
7.27,7.213,0.057,0.057
5.2,5.312,-0.112,0.112
6.16,6.573,-0.413,0.413
6.0,5.957,0.043,0.043
7.24,6.468,0.772,0.772
5.35,5.626,-0.276,0.276
5.76,5.603,0.157,0.157
6.33,6.917,-0.587,0.587
6.38,6.895,-0.515,0.515
7.1,7.231,-0.131,0.131
7.27,7.309,-0.039,0.039
6.81,6.977,-0.167,0.167
6.31,6.119,0.191,0.191
6.34,6.237,0.103,0.103
6.59,6.062,0.528,0.528
7.13,7.36,-0.23,0.23
6.99,6.66,0.33,0.33
3.83,5.057,-1.227,1.227
6.32,6.438,-0.118,0.118
6.19,6.249,-0.059,0.059
7.09,6.744,0.346,0.346
5.43,5.845,-0.415,0.415
8.26,8.281,-0.021,0.021
6.66,6.915,-0.255,0.255
7.85,7.628,0.222,0.222
5.65,6.215,-0.565,0.565
5.07,5.943,-0.873,0.873
5.27,5.499,-0.229,0.229
6.83,6.617,0.213,0.213
7.97,6.691,1.279,1.279
4.04,4.72,-0.68,0.68
7.0,6.423,0.577,0.577
6.67,6.011,0.659,0.659
4.4,4.646,-0.246,0.246
5.91,6.23,-0.32,0.32
5.67,5.905,-0.235,0.235
6.1,6.49,-0.39,0.39
7.08,7.101,-0.021,0.021
7.82,7.633,0.187,0.187
6.74,6.484,0.256,0.256
6.64,6.722,-0.082,0.082
6.0,5.834,0.166,0.166
3.67,5.469,-1.799,1.799
3.8,4.773,-0.973,0.973
6.22,6.609,-0.389,0.389
5.55,5.71,-0.16,0.16
6.56,6.414,0.146,0.146
7.95,7.338,0.612,0.612
6.83,6.0,0.83,0.83
6.63,6.919,-0.289,0.289
6.44,7.058,-0.618,0.618
7.04,6.863,0.177,0.177
6.9,6.435,0.465,0.465
8.36,7.395,0.965,0.965
6.76,6.446,0.314,0.314
6.25,6.748,-0.498,0.498
6.76,6.25,0.51,0.51
7.19,6.284,0.906,0.906
8.75,7.967,0.783,0.783
6.54,7.211,-0.671,0.671
6.8,6.317,0.483,0.483
5.51,5.837,-0.327,0.327
6.31,6.436,-0.126,0.126
5.83,6.612,-0.782,0.782
7.24,7.077,0.163,0.163
5.9,5.833,0.067,0.067
5.85,6.89,-1.04,1.04
6.62,6.336,0.284,0.284
7.57,7.306,0.264,0.264
7.35,6.757,0.593,0.593
6.67,6.748,-0.078,0.078
6.43,6.842,-0.412,0.412
6.18,6.348,-0.168,0.168
6.58,7.43,-0.85,0.85
6.89,4.028,2.862,2.862
5.0,6.188,-1.188,1.188
7.57,7.342,0.228,0.228
6.99,6.803,0.187,0.187
5.9,6.646,-0.746,0.746
7.01,7.457,-0.447,0.447
5.67,5.62,0.05,0.05
6.03,5.373,0.657,0.657
5.13,5.307,-0.177,0.177
6.74,6.813,-0.073,0.073
6.17,6.409,-0.239,0.239
5.64,5.916,-0.276,0.276
6.15,6.865,-0.715,0.715
7.26,7.329,-0.069,0.069
5.09,5.695,-0.605,0.605
6.11,6.67,-0.56,0.56
6.69,6.553,0.137,0.137
3.11,5.876,-2.766,2.766
5.87,5.833,0.037,0.037
7.67,7.63,0.04,0.04
5.16,5.029,0.131,0.131
7.55,7.305,0.245,0.245
6.6,6.692,-0.092,0.092
7.55,6.35,1.2,1.2
5.91,6.618,-0.708,0.708
6.25,6.51,-0.26,0.26
6.45,6.417,0.033,0.033
6.11,6.027,0.083,0.083
6.62,6.507,0.113,0.113
5.75,5.89,-0.14,0.14
6.47,6.887,-0.417,0.417
7.0,6.215,0.785,0.785
6.59,7.061,-0.471,0.471
5.95,5.63,0.32,0.32
6.33,6.079,0.251,0.251
6.2,5.685,0.515,0.515
5.04,5.815,-0.775,0.775
5.8,6.524,-0.724,0.724
5.42,6.501,-1.081,1.081
3.78,5.755,-1.975,1.975
7.29,7.283,0.007,0.007
5.5,5.163,0.337,0.337
5.59,5.987,-0.397,0.397
7.39,7.477,-0.087,0.087
8.11,7.536,0.574,0.574
7.16,7.048,0.112,0.112
7.21,6.978,0.232,0.232
6.79,5.686,1.104,1.104
7.0,7.544,-0.544,0.544
5.91,6.53,-0.62,0.62
6.04,5.892,0.148,0.148
5.46,6.139,-0.679,0.679
6.8,7.442,-0.642,0.642
7.51,6.712,0.798,0.798
6.09,6.242,-0.152,0.152
7.78,7.757,0.023,0.023
4.8,5.641,-0.841,0.841
7.02,7.004,0.016,0.016
5.25,5.644,-0.394,0.394
6.94,7.767,-0.827,0.827
5.33,5.574,-0.244,0.244
6.85,5.971,0.879,0.879
6.9,7.173,-0.273,0.273
8.33,6.176,2.154,2.154
6.32,6.046,0.274,0.274
6.81,6.77,0.04,0.04
7.22,6.28,0.94,0.94
5.81,6.885,-1.075,1.075
5.35,6.128,-0.778,0.778
6.38,6.802,-0.422,0.422
6.59,5.792,0.798,0.798
6.42,6.436,-0.016,0.016
5.61,5.722,-0.112,0.112
7.7,7.661,0.039,0.039
7.05,6.66,0.39,0.39
5.92,6.333,-0.413,0.413
6.98,7.126,-0.146,0.146
5.67,5.744,-0.074,0.074
6.56,7.282,-0.722,0.722
5.91,5.783,0.127,0.127
7.32,7.473,-0.153,0.153
5.96,5.833,0.127,0.127
3.56,4.804,-1.244,1.244
7.16,7.22,-0.06,0.06
8.18,7.538,0.642,0.642
6.81,7.333,-0.523,0.523
5.15,5.987,-0.837,0.837
5.63,5.732,-0.102,0.102
4.08,5.096,-1.016,1.016
5.67,5.537,0.133,0.133
4.11,5.795,-1.685,1.685
7.25,7.034,0.216,0.216
6.84,6.554,0.286,0.286
6.55,5.937,0.613,0.613
6.3,6.654,-0.354,0.354
6.25,6.307,-0.057,0.057
6.69,7.326,-0.636,0.636
5.89,6.382,-0.492,0.492
6.97,7.11,-0.14,0.14
6.54,6.55,-0.01,0.01
7.2,7.201,-0.001,0.001
6.9,6.043,0.857,0.857
6.58,6.713,-0.133,0.133
6.55,6.855,-0.305,0.305
7.55,7.495,0.055,0.055
7.32,6.757,0.563,0.563
6.46,5.924,0.536,0.536
6.58,6.793,-0.213,0.213
6.26,5.938,0.322,0.322
6.75,7.087,-0.337,0.337
6.09,6.569,-0.479,0.479
8.53,7.761,0.769,0.769
8.69,6.995,1.695,1.695
6.34,6.071,0.269,0.269
6.52,6.541,-0.021,0.021
6.88,6.484,0.396,0.396
7.48,7.34,0.14,0.14
6.69,6.764,-0.074,0.074
6.91,6.825,0.085,0.085
7.49,6.975,0.515,0.515
6.81,6.567,0.243,0.243
6.59,6.092,0.498,0.498
7.35,6.933,0.417,0.417
7.76,7.006,0.754,0.754
5.47,6.251,-0.781,0.781
7.21,7.558,-0.348,0.348
6.26,7.619,-1.359,1.359
6.75,6.818,-0.068,0.068
6.92,7.176,-0.256,0.256
6.88,7.483,-0.603,0.603
7.17,7.034,0.136,0.136
7.11,6.763,0.347,0.347
7.47,6.785,0.685,0.685
5.38,5.872,-0.492,0.492
6.9,7.404,-0.504,0.504
6.5,5.868,0.632,0.632
6.43,6.063,0.367,0.367
7.04,6.967,0.073,0.073
7.59,7.455,0.135,0.135
7.26,7.272,-0.012,0.012
6.04,6.403,-0.363,0.363
6.45,6.309,0.141,0.141
6.85,7.069,-0.219,0.219
6.22,4.855,1.365,1.365
4.59,5.318,-0.728,0.728
6.9,6.769,0.131,0.131
6.4,5.721,0.679,0.679
6.11,5.916,0.194,0.194
8.54,7.728,0.812,0.812
5.44,5.256,0.184,0.184
4.6,5.828,-1.228,1.228
8.43,8.135,0.295,0.295
6.9,5.933,0.967,0.967
8.08,7.798,0.282,0.282
7.46,7.657,-0.197,0.197
7.11,7.215,-0.105,0.105
6.78,6.868,-0.088,0.088
8.19,8.0,0.19,0.19
7.65,7.814,-0.164,0.164
4.1,5.872,-1.772,1.772
5.72,6.734,-1.014,1.014
5.77,6.071,-0.301,0.301
6.17,7.306,-1.136,1.136
6.9,6.407,0.493,0.493
5.56,6.101,-0.541,0.541
5.13,5.286,-0.156,0.156
7.4,7.332,0.068,0.068
7.37,7.301,0.069,0.069
7.73,7.311,0.419,0.419
7.55,7.163,0.387,0.387
7.05,6.448,0.602,0.602
6.53,6.578,-0.048,0.048
4.61,5.169,-0.559,0.559
7.28,7.556,-0.276,0.276
6.42,6.787,-0.367,0.367
5.97,5.561,0.409,0.409
6.43,5.998,0.432,0.432
7.15,6.9,0.25,0.25
5.91,6.568,-0.658,0.658
5.41,5.644,-0.234,0.234
5.67,5.681,-0.011,0.011
6.58,5.857,0.723,0.723
6.01,7.165,-1.155,1.155
5.98,6.646,-0.666,0.666
6.76,6.986,-0.226,0.226
6.25,6.36,-0.11,0.11
7.47,6.732,0.738,0.738
7.71,6.358,1.352,1.352
6.44,6.336,0.104,0.104
6.94,6.318,0.622,0.622
6.89,6.141,0.749,0.749
4.86,5.953,-1.093,1.093
6.22,6.598,-0.378,0.378
6.94,6.604,0.336,0.336
6.1,6.228,-0.128,0.128
7.75,7.464,0.286,0.286
6.8,6.798,0.002,0.002
7.15,6.238,0.912,0.912
7.21,6.624,0.586,0.586
7.48,6.589,0.891,0.891
6.86,6.662,0.198,0.198
8.05,7.487,0.563,0.563
4.92,6.634,-1.714,1.714
7.34,6.916,0.424,0.424
7.4,6.984,0.416,0.416
8.58,7.971,0.609,0.609
6.34,6.654,-0.314,0.314
5.44,5.825,-0.385,0.385
6.17,7.166,-0.996,0.996
7.25,7.039,0.211,0.211
7.79,6.94,0.85,0.85
7.5,5.516,1.984,1.984
6.46,6.803,-0.343,0.343
5.64,5.888,-0.248,0.248
6.61,6.242,0.368,0.368
8.15,7.584,0.566,0.566
6.0,5.379,0.621,0.621
7.1,6.672,0.428,0.428
5.49,5.545,-0.055,0.055
7.52,7.529,-0.009,0.009
5.35,5.635,-0.285,0.285
6.4,6.415,-0.015,0.015
6.11,6.92,-0.81,0.81
5.35,5.193,0.157,0.157
6.67,6.751,-0.081,0.081
3.52,4.644,-1.124,1.124
5.59,6.459,-0.869,0.869
7.65,7.078,0.572,0.572
7.49,7.124,0.366,0.366
5.5,5.524,-0.024,0.024
6.52,7.344,-0.824,0.824
6.1,5.967,0.133,0.133
6.18,6.036,0.144,0.144
7.25,4.921,2.329,2.329
7.55,7.645,-0.095,0.095
6.4,6.384,0.016,0.016
5.95,6.449,-0.499,0.499
5.07,6.378,-1.308,1.308
6.57,6.867,-0.297,0.297
5.36,6.062,-0.702,0.702
7.16,7.007,0.153,0.153
6.84,6.187,0.653,0.653
5.64,5.457,0.183,0.183
5.45,5.953,-0.503,0.503
3.57,4.76,-1.19,1.19
5.95,6.727,-0.777,0.777
7.47,6.892,0.578,0.578
7.21,6.99,0.22,0.22
6.0,5.706,0.294,0.294
6.78,6.731,0.049,0.049
6.9,6.949,-0.049,0.049
5.61,5.78,-0.17,0.17
7.32,7.031,0.289,0.289
6.43,6.554,-0.124,0.124
7.44,5.619,1.821,1.821
6.91,6.916,-0.006,0.006
7.27,7.031,0.239,0.239
5.5,5.748,-0.248,0.248
6.35,5.84,0.51,0.51
3.67,4.319,-0.649,0.649
6.6,6.302,0.298,0.298
5.95,6.967,-1.017,1.017
5.82,6.741,-0.921,0.921
5.74,6.558,-0.818,0.818
7.98,7.764,0.216,0.216
6.36,5.976,0.384,0.384
3.74,4.547,-0.807,0.807
5.15,5.935,-0.785,0.785
6.96,6.728,0.232,0.232
6.9,6.836,0.064,0.064
5.67,5.757,-0.087,0.087
5.98,6.1,-0.12,0.12
7.46,6.191,1.269,1.269
5.83,4.908,0.922,0.922
5.45,4.855,0.595,0.595
7.66,8.114,-0.454,0.454
6.92,6.514,0.406,0.406
5.57,5.837,-0.267,0.267
7.87,8.25,-0.38,0.38
7.39,6.764,0.626,0.626
7.36,7.396,-0.036,0.036
5.99,6.308,-0.318,0.318
7.1,7.157,-0.057,0.057
6.79,6.84,-0.05,0.05
5.86,5.888,-0.028,0.028
8.17,6.256,1.914,1.914
6.58,6.322,0.258,0.258
5.17,6.184,-1.014,1.014
1.92,5.506,-3.586,3.586
6.85,6.382,0.468,0.468
6.79,6.305,0.485,0.485
7.08,6.338,0.742,0.742
3.51,4.625,-1.115,1.115
6.25,6.057,0.193,0.193
5.84,5.676,0.164,0.164
7.5,7.316,0.184,0.184
6.61,6.803,-0.193,0.193
6.35,6.337,0.013,0.013
7.07,7.09,-0.02,0.02
3.72,4.79,-1.07,1.07
6.68,6.215,0.465,0.465
7.78,7.229,0.551,0.551
5.07,5.558,-0.488,0.488
4.5,5.357,-0.857,0.857
6.74,6.887,-0.147,0.147
6.29,6.338,-0.048,0.048
6.48,6.205,0.275,0.275
7.08,7.036,0.044,0.044
6.61,6.824,-0.214,0.214
6.95,6.807,0.143,0.143
6.53,6.308,0.222,0.222
7.54,6.656,0.884,0.884
6.56,6.994,-0.434,0.434
5.0,5.326,-0.326,0.326
6.64,5.803,0.837,0.837
7.15,7.023,0.127,0.127
7.39,7.006,0.384,0.384
7.11,7.005,0.105,0.105
6.0,5.713,0.287,0.287
7.24,7.178,0.062,0.062
5.26,5.437,-0.177,0.177
6.9,5.783,1.117,1.117
6.34,6.654,-0.314,0.314
5.99,6.028,-0.038,0.038
6.83,7.182,-0.352,0.352
7.88,7.952,-0.072,0.072
5.18,5.699,-0.519,0.519
6.08,6.352,-0.272,0.272
6.12,7.091,-0.971,0.971
6.84,6.75,0.09,0.09
7.53,7.459,0.071,0.071
6.21,6.807,-0.597,0.597
4.14,5.775,-1.635,1.635
8.74,8.741,-0.001,0.001
7.16,6.865,0.295,0.295
7.43,7.308,0.122,0.122
6.9,6.627,0.273,0.273
7.48,7.099,0.381,0.381
6.61,5.888,0.722,0.722
6.72,6.838,-0.118,0.118
7.53,7.339,0.191,0.191
8.09,7.172,0.918,0.918
5.94,6.415,-0.475,0.475
7.13,7.457,-0.327,0.327
5.33,5.84,-0.51,0.51
7.33,6.401,0.929,0.929
6.96,6.44,0.52,0.52
7.32,7.614,-0.294,0.294
6.99,6.333,0.657,0.657
7.28,7.584,-0.304,0.304
6.38,5.512,0.868,0.868
6.84,6.688,0.152,0.152
5.9,6.139,-0.239,0.239
6.87,6.545,0.325,0.325
5.44,5.353,0.087,0.087
6.58,6.28,0.3,0.3
7.31,7.432,-0.122,0.122
5.84,5.399,0.441,0.441
7.88,7.805,0.075,0.075
7.32,6.329,0.991,0.991
7.54,7.092,0.448,0.448
7.6,7.023,0.577,0.577
5.75,6.092,-0.342,0.342
7.11,8.054,-0.944,0.944
7.94,7.635,0.305,0.305
4.52,5.715,-1.195,1.195
7.41,7.275,0.135,0.135
5.88,5.555,0.325,0.325
6.28,6.134,0.146,0.146
5.87,5.536,0.334,0.334
6.03,6.79,-0.76,0.76
5.14,5.641,-0.501,0.501
7.85,7.243,0.607,0.607
7.12,6.799,0.321,0.321
4.3,5.577,-1.277,1.277
7.31,6.448,0.862,0.862
5.26,5.507,-0.247,0.247
6.32,7.091,-0.771,0.771
6.4,5.305,1.095,1.095
8.12,7.345,0.775,0.775
6.83,6.078,0.752,0.752
7.99,7.149,0.841,0.841
3.86,5.001,-1.141,1.141
5.68,6.049,-0.369,0.369
5.73,6.827,-1.097,1.097
7.45,7.114,0.336,0.336
6.3,5.487,0.813,0.813
4.4,4.965,-0.565,0.565
6.74,7.009,-0.269,0.269
6.5,5.577,0.923,0.923
6.68,7.087,-0.407,0.407
3.77,4.473,-0.703,0.703
8.15,8.029,0.121,0.121
4.62,5.647,-1.027,1.027
5.67,6.363,-0.693,0.693
5.0,5.621,-0.621,0.621
7.13,6.801,0.329,0.329
6.23,5.868,0.362,0.362
7.63,7.623,0.007,0.007
8.6,7.473,1.127,1.127
6.04,6.344,-0.304,0.304
4.42,6.488,-2.068,2.068
7.47,7.447,0.023,0.023
6.53,7.213,-0.683,0.683
6.24,5.833,0.407,0.407
4.18,4.602,-0.422,0.422
6.75,6.796,-0.046,0.046
4.98,4.667,0.313,0.313
5.52,6.101,-0.581,0.581
5.75,5.437,0.313,0.313
6.57,6.173,0.397,0.397
7.9,5.75,2.15,2.15
8.09,7.728,0.362,0.362
7.34,7.04,0.3,0.3
5.89,6.124,-0.234,0.234
6.12,5.853,0.267,0.267
5.91,6.585,-0.675,0.675
6.07,5.625,0.445,0.445
6.33,6.322,0.008,0.008
7.1,7.473,-0.373,0.373
7.16,7.218,-0.058,0.058
7.9,7.79,0.11,0.11
7.05,6.006,1.044,1.044
7.28,7.586,-0.306,0.306
7.03,6.508,0.522,0.522
6.15,5.895,0.255,0.255
6.8,5.899,0.901,0.901
6.63,6.026,0.604,0.604
5.81,5.894,-0.084,0.084
7.6,7.696,-0.096,0.096
4.75,5.421,-0.671,0.671
6.33,6.481,-0.151,0.151
6.07,6.081,-0.011,0.011
7.26,7.202,0.058,0.058
7.5,6.576,0.924,0.924
7.33,5.951,1.379,1.379
7.87,7.909,-0.039,0.039
9.37,8.41,0.96,0.96
6.21,6.12,0.09,0.09
6.32,6.963,-0.643,0.643
5.14,5.0,0.14,0.14
6.03,6.628,-0.598,0.598
6.73,6.564,0.166,0.166
6.81,7.142,-0.332,0.332
6.09,5.666,0.424,0.424
7.26,6.681,0.579,0.579
6.46,6.143,0.317,0.317
5.91,6.878,-0.968,0.968
6.91,6.729,0.181,0.181
6.85,7.082,-0.232,0.232
6.53,6.061,0.469,0.469
6.77,7.187,-0.417,0.417
7.27,7.093,0.177,0.177
7.47,6.423,1.047,1.047
6.96,7.425,-0.465,0.465
6.49,6.691,-0.201,0.201
5.89,6.668,-0.778,0.778
6.42,6.132,0.288,0.288
6.7,6.631,0.069,0.069
7.44,7.6,-0.16,0.16
6.02,6.334,-0.314,0.314
7.34,7.345,-0.005,0.005
5.37,6.107,-0.737,0.737
5.06,5.455,-0.395,0.395
8.31,7.379,0.931,0.931
7.19,6.661,0.529,0.529
6.49,7.017,-0.527,0.527
7.07,6.654,0.416,0.416
7.79,7.436,0.354,0.354
6.23,7.422,-1.192,1.192
6.29,6.045,0.245,0.245
6.37,6.004,0.366,0.366
7.34,7.313,0.027,0.027
5.34,5.545,-0.205,0.205
5.63,6.131,-0.501,0.501
6.16,6.02,0.14,0.14
7.08,6.734,0.346,0.346
7.47,7.41,0.06,0.06
5.4,4.718,0.682,0.682
6.93,5.594,1.336,1.336
6.0,5.742,0.258,0.258
5.56,5.96,-0.4,0.4
7.35,7.663,-0.313,0.313
7.83,7.856,-0.026,0.026
5.84,5.916,-0.076,0.076
6.71,6.744,-0.034,0.034
6.8,6.588,0.212,0.212
6.11,6.189,-0.079,0.079
5.39,6.21,-0.82,0.82
5.57,5.793,-0.223,0.223
6.38,6.612,-0.232,0.232
5.89,5.967,-0.077,0.077
6.54,6.08,0.46,0.46
6.91,6.805,0.105,0.105
6.94,6.913,0.027,0.027
6.85,6.571,0.279,0.279
5.05,5.306,-0.256,0.256
7.55,7.707,-0.157,0.157
7.9,7.271,0.629,0.629
3.32,5.024,-1.704,1.704
5.46,5.563,-0.103,0.103
4.79,5.53,-0.74,0.74
7.96,7.52,0.44,0.44
6.61,6.554,0.056,0.056
7.25,7.233,0.017,0.017
6.57,5.577,0.993,0.993
6.97,7.044,-0.074,0.074
3.46,5.018,-1.558,1.558
7.09,7.298,-0.208,0.208
7.85,7.3,0.55,0.55
6.17,6.248,-0.078,0.078
6.01,5.824,0.186,0.186
6.54,6.718,-0.178,0.178
6.78,6.045,0.735,0.735
6.49,6.349,0.141,0.141
6.74,6.14,0.6,0.6
5.78,6.171,-0.391,0.391
7.21,7.209,0.001,0.001
6.6,6.864,-0.264,0.264
6.19,6.734,-0.544,0.544
6.13,5.72,0.41,0.41
7.58,7.209,0.371,0.371
8.67,5.798,2.872,2.872
6.25,6.422,-0.172,0.172
7.11,7.068,0.042,0.042
8.5,5.868,2.632,2.632
5.63,5.106,0.524,0.524
6.64,6.875,-0.235,0.235
7.46,7.343,0.117,0.117
6.17,6.796,-0.626,0.626
6.89,6.681,0.209,0.209
7.4,4.809,2.591,2.591
7.56,7.761,-0.201,0.201
7.71,7.322,0.388,0.388
5.79,6.122,-0.332,0.332
4.95,5.63,-0.68,0.68
7.46,6.998,0.462,0.462
8.37,7.294,1.076,1.076
8.38,7.885,0.495,0.495
7.0,5.895,1.105,1.105
7.25,5.932,1.318,1.318
5.51,5.802,-0.292,0.292
5.93,6.643,-0.713,0.713
7.61,7.156,0.454,0.454
5.9,4.693,1.207,1.207
7.75,7.459,0.291,0.291
5.98,5.353,0.627,0.627
7.1,6.27,0.83,0.83
7.43,7.606,-0.176,0.176
7.77,7.176,0.594,0.594
7.21,7.064,0.146,0.146
7.37,7.123,0.247,0.247
7.83,7.444,0.386,0.386
6.38,5.727,0.653,0.653
6.63,6.927,-0.297,0.297
6.77,6.615,0.155,0.155
7.52,7.573,-0.053,0.053
6.99,6.971,0.019,0.019
5.12,5.24,-0.12,0.12
8.0,6.618,1.382,1.382
6.86,6.722,0.138,0.138
5.83,5.891,-0.061,0.061
6.58,7.425,-0.845,0.845
4.46,4.855,-0.395,0.395
6.66,6.289,0.371,0.371
7.4,7.642,-0.242,0.242
7.15,6.744,0.406,0.406
7.65,6.75,0.9,0.9
5.61,6.187,-0.577,0.577
6.9,5.613,1.287,1.287
6.73,6.672,0.058,0.058
7.22,6.894,0.326,0.326
7.42,7.321,0.099,0.099
7.0,6.676,0.324,0.324
7.95,6.862,1.088,1.088
6.55,7.599,-1.049,1.049
7.36,6.578,0.782,0.782
7.09,6.787,0.303,0.303
6.65,6.066,0.584,0.584
6.56,6.957,-0.397,0.397
7.05,7.148,-0.098,0.098
5.49,5.616,-0.126,0.126
7.29,6.656,0.634,0.634
4.76,5.253,-0.493,0.493
7.66,7.883,-0.223,0.223
6.58,6.175,0.405,0.405
7.47,7.593,-0.123,0.123
4.79,6.01,-1.22,1.22
6.85,5.908,0.942,0.942
6.24,6.187,0.053,0.053
7.93,6.611,1.319,1.319
6.75,6.058,0.692,0.692
6.19,6.293,-0.103,0.103
6.91,5.853,1.057,1.057
6.84,5.869,0.971,0.971
4.67,6.638,-1.968,1.968
7.05,6.972,0.078,0.078
6.58,7.113,-0.533,0.533
6.86,6.939,-0.079,0.079
7.42,7.27,0.15,0.15
6.25,6.382,-0.132,0.132
6.84,6.875,-0.035,0.035
6.14,6.231,-0.091,0.091
8.5,7.097,1.403,1.403
6.25,5.302,0.948,0.948
4.51,4.693,-0.183,0.183
5.95,6.215,-0.265,0.265
6.69,6.858,-0.168,0.168
7.0,6.151,0.849,0.849
6.08,6.115,-0.035,0.035
5.55,5.886,-0.336,0.336
5.71,5.666,0.044,0.044
4.44,5.139,-0.699,0.699
7.04,6.69,0.35,0.35
7.08,6.443,0.637,0.637
6.84,6.109,0.731,0.731
5.55,5.681,-0.131,0.131
6.56,6.243,0.317,0.317
8.22,7.994,0.226,0.226
6.22,6.227,-0.007,0.007
6.9,6.832,0.068,0.068
7.33,7.995,-0.665,0.665
6.14,6.654,-0.514,0.514
7.24,6.665,0.575,0.575
5.07,5.524,-0.454,0.454
6.83,6.088,0.742,0.742
7.29,7.075,0.215,0.215
6.77,6.69,0.08,0.08
6.33,6.548,-0.218,0.218
6.0,5.688,0.312,0.312
6.49,6.576,-0.086,0.086
7.21,6.269,0.941,0.941
6.24,5.459,0.781,0.781
6.15,6.317,-0.167,0.167
6.67,6.595,0.075,0.075
5.58,7.076,-1.496,1.496
6.04,6.027,0.013,0.013
7.96,7.607,0.353,0.353
5.56,5.655,-0.095,0.095
5.04,5.915,-0.875,0.875
6.48,6.444,0.036,0.036
5.48,5.787,-0.307,0.307
7.0,6.876,0.124,0.124
5.99,6.315,-0.325,0.325
3.52,5.349,-1.829,1.829
6.93,6.679,0.251,0.251
6.54,6.151,0.389,0.389
7.19,7.682,-0.492,0.492
7.2,6.025,1.175,1.175
7.07,6.973,0.097,0.097
5.76,5.868,-0.108,0.108
5.45,5.921,-0.471,0.471
7.93,7.551,0.379,0.379
6.32,7.086,-0.766,0.766
6.69,6.771,-0.081,0.081
5.35,5.431,-0.081,0.081
7.13,5.986,1.144,1.144
6.91,7.032,-0.122,0.122
6.58,6.673,-0.093,0.093
6.26,5.951,0.309,0.309
7.13,7.147,-0.017,0.017
8.24,7.939,0.301,0.301
4.75,5.532,-0.782,0.782
6.72,6.602,0.118,0.118
5.1,5.934,-0.834,0.834
6.9,6.656,0.244,0.244
7.6,6.851,0.749,0.749
6.8,6.171,0.629,0.629
5.94,6.33,-0.39,0.39
6.87,7.456,-0.586,0.586
6.63,6.484,0.146,0.146
6.84,6.298,0.542,0.542
6.12,6.852,-0.732,0.732
7.0,5.885,1.115,1.115
5.98,5.858,0.122,0.122
7.25,6.654,0.596,0.596
7.56,7.182,0.378,0.378
8.26,7.24,1.02,1.02
6.19,6.242,-0.052,0.052
6.65,6.45,0.2,0.2
7.37,7.297,0.073,0.073
5.9,5.854,0.046,0.046
7.86,7.562,0.298,0.298
5.67,5.949,-0.279,0.279
6.1,6.211,-0.111,0.111
5.9,6.452,-0.552,0.552
6.91,6.789,0.121,0.121
6.79,7.046,-0.256,0.256
6.5,7.191,-0.691,0.691
7.13,7.261,-0.131,0.131
7.04,7.113,-0.073,0.073
7.44,6.945,0.495,0.495
7.89,8.097,-0.207,0.207
5.14,4.421,0.719,0.719
6.12,6.554,-0.434,0.434
6.15,6.071,0.079,0.079
5.64,6.617,-0.977,0.977
6.81,6.989,-0.179,0.179
4.52,5.908,-1.388,1.388
3.93,4.637,-0.707,0.707
6.57,5.892,0.678,0.678
5.87,5.833,0.037,0.037
5.48,5.184,0.296,0.296
7.33,7.565,-0.235,0.235
7.36,6.103,1.257,1.257
5.0,5.626,-0.626,0.626
6.64,6.618,0.022,0.022
6.83,7.025,-0.195,0.195
7.08,7.285,-0.205,0.205
6.09,6.275,-0.185,0.185
6.81,6.484,0.326,0.326
5.57,6.143,-0.573,0.573
6.52,5.845,0.675,0.675
6.85,7.384,-0.534,0.534
6.6,6.006,0.594,0.594
7.62,7.661,-0.041,0.041
7.13,7.041,0.089,0.089
7.27,6.639,0.631,0.631
4.75,5.72,-0.97,0.97
5.95,5.792,0.158,0.158
6.61,5.307,1.303,1.303
6.69,7.208,-0.518,0.518
6.58,5.677,0.903,0.903
7.24,6.821,0.419,0.419
6.64,7.01,-0.37,0.37
6.98,5.882,1.098,1.098
6.05,5.552,0.498,0.498
7.39,6.565,0.825,0.825
6.14,5.995,0.145,0.145
6.53,7.075,-0.545,0.545
7.04,6.886,0.154,0.154
6.48,6.406,0.074,0.074
6.91,6.285,0.625,0.625
3.79,5.23,-1.44,1.44
5.32,5.537,-0.217,0.217
7.7,7.607,0.093,0.093
6.34,6.954,-0.614,0.614
6.66,6.576,0.084,0.084
7.61,7.518,0.092,0.092
7.75,7.628,0.122,0.122
4.08,5.548,-1.468,1.468
3.39,4.888,-1.498,1.498
6.84,7.198,-0.358,0.358
7.67,7.108,0.562,0.562
5.55,5.437,0.113,0.113
6.44,5.874,0.566,0.566
7.43,7.342,0.088,0.088
6.72,7.178,-0.458,0.458
6.68,6.733,-0.053,0.053
6.26,5.641,0.619,0.619
6.06,6.632,-0.572,0.572
7.48,7.365,0.115,0.115
7.24,6.13,1.11,1.11
6.5,5.759,0.741,0.741
4.3,5.811,-1.511,1.511
3.83,5.816,-1.986,1.986
7.47,7.265,0.205,0.205
7.17,6.497,0.673,0.673
7.03,7.17,-0.14,0.14
4.0,4.45,-0.45,0.45
6.04,5.842,0.198,0.198
6.64,6.657,-0.017,0.017
7.3,6.917,0.383,0.383
7.2,7.348,-0.148,0.148
7.7,7.434,0.266,0.266
7.66,7.095,0.565,0.565
4.58,5.048,-0.468,0.468
5.88,6.464,-0.584,0.584
6.77,6.702,0.068,0.068
6.95,6.227,0.723,0.723
6.1,5.78,0.32,0.32
9.1,7.767,1.333,1.333
5.78,5.859,-0.079,0.079
6.09,6.403,-0.313,0.313
5.91,6.12,-0.21,0.21
5.19,6.031,-0.841,0.841
8.51,8.109,0.401,0.401
7.54,7.236,0.304,0.304
6.94,6.504,0.436,0.436
8.09,7.495,0.595,0.595
7.02,6.877,0.143,0.143
5.69,5.742,-0.052,0.052
6.66,6.346,0.314,0.314
5.89,5.519,0.371,0.371
6.73,6.986,-0.256,0.256
6.38,7.076,-0.696,0.696
6.65,6.848,-0.198,0.198
5.63,6.034,-0.404,0.404
7.74,7.409,0.331,0.331
7.71,6.594,1.116,1.116
6.43,7.135,-0.705,0.705
6.32,6.444,-0.124,0.124
6.52,6.616,-0.096,0.096
7.06,6.94,0.12,0.12
6.59,6.308,0.282,0.282
5.04,4.813,0.227,0.227
6.75,7.003,-0.253,0.253
6.08,5.437,0.643,0.643
7.55,6.546,1.004,1.004
7.45,7.271,0.179,0.179
7.95,8.284,-0.334,0.334
5.87,6.1,-0.23,0.23
6.49,7.507,-1.017,1.017
5.8,5.7,0.1,0.1
5.35,5.767,-0.417,0.417
7.25,6.978,0.272,0.272
9.17,8.515,0.655,0.655
4.5,4.75,-0.25,0.25
8.11,7.83,0.28,0.28
7.45,7.172,0.278,0.278
3.59,4.82,-1.23,1.23
7.33,6.933,0.397,0.397
6.46,6.413,0.047,0.047
7.24,6.744,0.496,0.496
7.34,6.916,0.424,0.424
8.24,7.302,0.938,0.938
6.32,7.167,-0.847,0.847
8.08,7.276,0.804,0.804
5.07,5.868,-0.798,0.798
6.67,6.042,0.628,0.628
4.25,5.882,-1.632,1.632
5.25,5.645,-0.395,0.395
7.68,7.279,0.401,0.401
5.13,5.442,-0.312,0.312
6.41,5.901,0.509,0.509
6.98,7.145,-0.165,0.165
8.53,7.671,0.859,0.859
7.14,6.291,0.849,0.849
5.85,5.858,-0.008,0.008
7.11,7.22,-0.11,0.11
6.04,6.33,-0.29,0.29
6.99,6.949,0.041,0.041
6.92,6.148,0.772,0.772
8.23,7.698,0.532,0.532
7.6,7.362,0.238,0.238
6.97,6.862,0.108,0.108
7.39,6.293,1.097,1.097
5.99,6.567,-0.577,0.577
6.24,6.292,-0.052,0.052
6.56,6.745,-0.185,0.185
6.05,6.205,-0.155,0.155
7.32,7.171,0.149,0.149
6.74,6.791,-0.051,0.051
7.83,6.314,1.516,1.516
5.61,6.101,-0.491,0.491
6.76,6.533,0.227,0.227
3.57,4.842,-1.272,1.272
8.1,7.888,0.212,0.212
4.72,5.214,-0.494,0.494
7.34,7.472,-0.132,0.132
5.46,6.357,-0.897,0.897
7.29,6.872,0.418,0.418
5.27,5.565,-0.295,0.295
5.36,5.451,-0.091,0.091
6.41,6.677,-0.267,0.267
5.77,6.145,-0.375,0.375
7.88,7.104,0.776,0.776
7.13,6.581,0.549,0.549
4.45,4.645,-0.195,0.195
8.1,7.003,1.097,1.097
5.85,5.607,0.243,0.243
8.43,6.562,1.868,1.868
7.0,6.456,0.544,0.544
5.67,4.101,1.569,1.569
6.32,5.845,0.475,0.475
4.77,4.597,0.173,0.173
6.32,6.3,0.02,0.02
3.98,4.851,-0.871,0.871
4.75,4.514,0.236,0.236
3.57,5.387,-1.817,1.817
4.86,5.952,-1.092,1.092
3.82,7.352,-3.532,3.532
6.48,6.528,-0.048,0.048
7.33,6.442,0.888,0.888
6.56,6.528,0.032,0.032
6.11,6.467,-0.357,0.357
7.51,7.182,0.328,0.328
6.8,5.609,1.191,1.191
5.15,6.55,-1.4,1.4
6.43,6.323,0.107,0.107
7.68,7.997,-0.317,0.317
5.6,6.004,-0.404,0.404
7.55,7.464,0.086,0.086
5.4,5.617,-0.217,0.217
5.83,5.325,0.505,0.505
7.21,7.365,-0.155,0.155
6.88,6.974,-0.094,0.094
6.78,6.249,0.531,0.531
6.32,6.757,-0.437,0.437
6.36,6.557,-0.197,0.197
7.5,6.142,1.358,1.358
5.69,6.001,-0.311,0.311
5.72,6.352,-0.632,0.632
6.49,6.323,0.167,0.167
6.63,6.211,0.419,0.419
5.99,6.317,-0.327,0.327
7.93,7.326,0.604,0.604
7.27,7.053,0.217,0.217
6.91,6.914,-0.004,0.004
6.33,6.752,-0.422,0.422
5.35,5.644,-0.294,0.294
5.92,6.071,-0.151,0.151
5.96,6.019,-0.059,0.059
8.45,8.222,0.228,0.228
7.26,6.372,0.888,0.888
8.06,6.962,1.098,1.098
7.32,7.289,0.031,0.031
4.81,5.764,-0.954,0.954
6.12,7.134,-1.014,1.014
7.18,6.586,0.594,0.594
7.84,7.65,0.19,0.19
5.33,5.484,-0.154,0.154
8.2,7.702,0.498,0.498
6.5,5.567,0.933,0.933
6.2,5.772,0.428,0.428
7.44,6.835,0.605,0.605
7.39,7.239,0.151,0.151
8.05,7.532,0.518,0.518
7.13,7.021,0.109,0.109
7.57,8.224,-0.654,0.654
3.43,5.727,-2.297,2.297
6.75,6.437,0.313,0.313
4.92,6.423,-1.503,1.503
6.98,6.713,0.267,0.267
8.26,7.568,0.692,0.692
7.73,7.079,0.651,0.651
7.87,7.701,0.169,0.169
7.21,6.764,0.446,0.446
6.17,5.74,0.43,0.43
7.0,6.214,0.786,0.786
7.29,7.017,0.273,0.273
5.25,4.846,0.404,0.404
6.0,5.713,0.287,0.287
7.97,6.921,1.049,1.049
7.46,6.822,0.638,0.638
5.8,5.471,0.329,0.329
5.57,6.067,-0.497,0.497
6.7,5.802,0.898,0.898
7.5,7.291,0.209,0.209
3.54,4.547,-1.007,1.007
5.64,6.017,-0.377,0.377
3.36,4.625,-1.265,1.265
5.13,5.082,0.048,0.048
7.21,7.46,-0.25,0.25
6.95,6.706,0.244,0.244
5.6,4.982,0.618,0.618
5.57,4.966,0.604,0.604
5.53,5.498,0.032,0.032
5.94,6.44,-0.5,0.5
8.56,8.277,0.283,0.283
5.42,5.336,0.084,0.084
6.58,6.919,-0.339,0.339
7.36,7.287,0.073,0.073
7.83,7.837,-0.007,0.007
3.79,4.854,-1.064,1.064
6.28,6.341,-0.061,0.061
7.11,6.933,0.177,0.177
6.58,6.212,0.368,0.368
6.49,7.157,-0.667,0.667
6.38,6.157,0.223,0.223
7.1,7.295,-0.195,0.195
6.0,6.938,-0.938,0.938
4.45,5.46,-1.01,1.01
6.32,6.401,-0.081,0.081
6.17,6.167,0.003,0.003
5.21,4.995,0.215,0.215
5.94,6.535,-0.595,0.595
6.3,6.126,0.174,0.174
8.17,7.481,0.689,0.689
6.32,6.551,-0.231,0.231
4.33,4.625,-0.295,0.295
5.79,6.395,-0.605,0.605
4.94,5.644,-0.704,0.704
7.69,7.631,0.059,0.059
7.53,7.747,-0.217,0.217
8.07,7.194,0.876,0.876
4.91,5.728,-0.818,0.818
4.67,4.321,0.349,0.349
5.95,5.643,0.307,0.307
8.21,7.706,0.504,0.504
7.61,7.344,0.266,0.266
7.66,7.481,0.179,0.179
7.0,6.739,0.261,0.261
6.1,6.205,-0.105,0.105
6.67,5.824,0.846,0.846
5.81,5.714,0.096,0.096
6.46,6.948,-0.488,0.488
6.3,6.42,-0.12,0.12
6.0,6.125,-0.125,0.125
6.32,6.615,-0.295,0.295
7.03,5.844,1.186,1.186
6.75,6.101,0.649,0.649
7.8,7.279,0.521,0.521
7.52,7.618,-0.098,0.098
4.3,5.892,-1.592,1.592
6.0,6.389,-0.389,0.389
7.37,7.061,0.309,0.309
5.26,5.287,-0.027,0.027
3.85,5.885,-2.035,2.035
6.71,7.199,-0.489,0.489
4.93,5.646,-0.716,0.716
6.4,6.219,0.181,0.181
8.35,7.38,0.97,0.97
7.67,7.618,0.052,0.052
6.39,6.344,0.046,0.046
6.8,6.745,0.055,0.055
3.11,5.612,-2.502,2.502
4.67,5.615,-0.945,0.945
5.33,5.89,-0.56,0.56
7.28,7.486,-0.206,0.206
4.67,5.796,-1.126,1.126
6.47,6.034,0.436,0.436
7.49,7.003,0.487,0.487
6.39,5.527,0.863,0.863
7.24,7.061,0.179,0.179
8.03,7.501,0.529,0.529
8.22,7.504,0.716,0.716
5.18,6.248,-1.068,1.068
6.57,6.549,0.021,0.021
3.49,4.427,-0.937,0.937
7.15,6.503,0.647,0.647
5.67,6.381,-0.711,0.711
6.38,6.633,-0.253,0.253
6.02,6.333,-0.313,0.313
4.25,5.262,-1.012,1.012
4.94,4.906,0.034,0.034
7.95,6.768,1.182,1.182
6.95,6.903,0.047,0.047
6.94,7.468,-0.528,0.528
6.23,6.745,-0.515,0.515
5.67,4.793,0.877,0.877
6.37,7.061,-0.691,0.691
7.18,6.601,0.579,0.579
5.42,5.712,-0.292,0.292
5.7,5.902,-0.202,0.202
6.59,7.605,-1.015,1.015
5.84,5.84,0.0,0.0
7.84,7.044,0.796,0.796
4.33,5.615,-1.285,1.285
8.21,7.811,0.399,0.399
7.16,7.382,-0.222,0.222
7.69,7.51,0.18,0.18
7.63,7.023,0.607,0.607
3.73,5.499,-1.769,1.769
6.54,5.686,0.854,0.854
7.15,6.533,0.617,0.617
8.0,6.935,1.065,1.065
4.07,4.744,-0.674,0.674
7.74,8.266,-0.526,0.526
6.41,6.666,-0.256,0.256
5.85,6.291,-0.441,0.441
7.67,6.973,0.697,0.697
6.83,6.267,0.563,0.563
6.46,6.416,0.044,0.044
7.49,7.429,0.061,0.061
5.45,5.401,0.049,0.049
6.75,6.261,0.489,0.489
6.32,5.992,0.328,0.328
7.07,5.726,1.344,1.344
6.4,6.256,0.144,0.144
7.69,6.731,0.959,0.959
6.82,7.382,-0.562,0.562
6.0,5.975,0.025,0.025
6.83,6.992,-0.162,0.162
6.17,6.657,-0.487,0.487
7.22,7.061,0.159,0.159
7.14,7.16,-0.02,0.02
7.44,7.649,-0.209,0.209
5.89,6.101,-0.211,0.211
5.26,5.385,-0.125,0.125
7.07,7.042,0.028,0.028
5.66,5.735,-0.075,0.075
5.64,6.586,-0.946,0.946
7.48,6.931,0.549,0.549
7.14,6.729,0.411,0.411
5.25,5.688,-0.438,0.438
7.29,7.034,0.256,0.256
6.87,6.647,0.223,0.223
6.98,6.818,0.162,0.162
5.22,6.273,-1.053,1.053
7.21,7.423,-0.213,0.213
7.38,7.501,-0.121,0.121
6.84,6.654,0.186,0.186
8.67,7.68,0.99,0.99
6.27,6.309,-0.039,0.039
7.66,7.445,0.215,0.215
6.05,6.066,-0.016,0.016
6.87,7.291,-0.421,0.421
7.78,7.88,-0.1,0.1
5.62,5.63,-0.01,0.01
5.27,5.601,-0.331,0.331
7.85,7.286,0.564,0.564
7.17,7.053,0.117,0.117
5.56,5.968,-0.408,0.408
5.89,6.284,-0.394,0.394
6.98,6.559,0.421,0.421
6.75,5.378,1.372,1.372
7.38,7.061,0.319,0.319
6.01,6.285,-0.275,0.275
6.58,6.611,-0.031,0.031
7.37,6.505,0.865,0.865
5.91,6.012,-0.102,0.102
6.62,6.833,-0.213,0.213
5.88,5.601,0.279,0.279
3.53,4.597,-1.067,1.067
7.12,7.617,-0.497,0.497
5.68,6.462,-0.782,0.782
7.97,7.669,0.301,0.301
5.99,6.418,-0.428,0.428
7.32,7.373,-0.053,0.053
5.13,5.733,-0.603,0.603
6.65,7.308,-0.658,0.658
7.28,7.123,0.157,0.157
7.72,6.584,1.136,1.136
6.01,6.205,-0.195,0.195
6.19,6.234,-0.044,0.044
5.55,6.289,-0.739,0.739
6.13,5.385,0.745,0.745
6.65,7.148,-0.498,0.498
7.03,7.069,-0.039,0.039
7.37,7.046,0.324,0.324
5.67,5.816,-0.146,0.146
7.4,6.94,0.46,0.46
5.57,6.304,-0.734,0.734
6.38,6.984,-0.604,0.604
6.56,6.544,0.016,0.016
6.22,6.522,-0.302,0.302
6.41,6.735,-0.325,0.325
6.19,6.267,-0.077,0.077
6.28,6.317,-0.037,0.037
6.13,6.983,-0.853,0.853
5.92,5.326,0.594,0.594
6.9,6.883,0.017,0.017
6.91,6.525,0.385,0.385
6.33,6.855,-0.525,0.525
6.6,6.408,0.192,0.192
6.67,6.179,0.491,0.491
7.58,7.252,0.328,0.328
7.54,7.579,-0.039,0.039
6.33,6.763,-0.433,0.433
6.65,6.552,0.098,0.098
6.48,5.929,0.551,0.551
6.04,6.338,-0.298,0.298
7.18,6.831,0.349,0.349
5.9,6.31,-0.41,0.41
4.36,5.662,-1.302,1.302
7.5,6.559,0.941,0.941
4.4,5.721,-1.321,1.321
7.01,6.42,0.59,0.59
6.32,6.707,-0.387,0.387
6.35,6.548,-0.198,0.198
8.56,7.602,0.958,0.958
6.49,6.65,-0.16,0.16
7.29,7.138,0.152,0.152
6.81,6.68,0.13,0.13
5.3,5.082,0.218,0.218
7.77,7.472,0.298,0.298
8.17,8.46,-0.29,0.29
6.72,7.082,-0.362,0.362
5.71,5.59,0.12,0.12
7.5,7.378,0.122,0.122
3.82,4.964,-1.144,1.144
6.64,5.805,0.835,0.835
7.5,7.439,0.061,0.061
5.53,5.825,-0.295,0.295
5.16,5.601,-0.441,0.441
6.88,6.312,0.568,0.568
6.25,6.766,-0.516,0.516
6.81,7.308,-0.498,0.498
6.38,7.283,-0.903,0.903
7.52,7.521,-0.001,0.001
7.41,7.472,-0.062,0.062
6.58,6.124,0.456,0.456
6.92,7.099,-0.179,0.179
6.13,6.634,-0.504,0.504
6.71,6.668,0.042,0.042
6.09,6.433,-0.343,0.343
5.12,5.861,-0.741,0.741
6.31,7.464,-1.154,1.154
7.43,7.398,0.032,0.032
4.89,5.618,-0.728,0.728
6.88,6.341,0.539,0.539
8.48,7.273,1.207,1.207
6.96,6.285,0.675,0.675
4.5,5.6,-1.1,1.1
8.05,7.359,0.691,0.691
5.55,5.705,-0.155,0.155
7.82,7.021,0.799,0.799
6.36,6.193,0.167,0.167
7.44,7.525,-0.085,0.085
5.02,6.737,-1.717,1.717
4.67,4.551,0.119,0.119
6.01,6.465,-0.455,0.455
6.09,5.894,0.196,0.196
6.68,6.99,-0.31,0.31
6.38,6.653,-0.273,0.273
4.62,5.508,-0.888,0.888
5.92,5.828,0.092,0.092
6.36,5.589,0.771,0.771
4.18,4.602,-0.422,0.422
7.64,7.856,-0.216,0.216
8.76,7.328,1.432,1.432
6.48,6.698,-0.218,0.218
6.7,6.173,0.527,0.527
6.15,6.049,0.101,0.101
6.4,6.094,0.306,0.306
7.5,8.031,-0.531,0.531
6.57,6.566,0.004,0.004
7.27,7.184,0.086,0.086
8.58,7.334,1.246,1.246
6.93,6.457,0.473,0.473
6.86,7.135,-0.275,0.275
7.28,7.2,0.08,0.08
7.33,6.184,1.146,1.146
6.2,5.764,0.436,0.436
5.47,6.467,-0.997,0.997
3.83,5.066,-1.236,1.236
6.24,6.172,0.068,0.068
7.25,7.079,0.171,0.171
4.45,6.204,-1.754,1.754
6.04,6.061,-0.021,0.021
7.0,6.198,0.802,0.802
5.5,6.102,-0.602,0.602
7.67,7.533,0.137,0.137
5.75,6.408,-0.658,0.658
7.03,6.864,0.166,0.166
6.38,6.89,-0.51,0.51
5.46,6.755,-1.295,1.295
7.1,7.325,-0.225,0.225
8.14,8.169,-0.029,0.029
5.39,5.642,-0.252,0.252
6.45,5.97,0.48,0.48
5.87,5.626,0.244,0.244
6.73,6.608,0.122,0.122
5.08,5.886,-0.806,0.806
6.64,6.53,0.11,0.11
5.58,5.884,-0.304,0.304
6.75,7.32,-0.57,0.57
7.11,6.793,0.317,0.317
6.46,6.544,-0.084,0.084
7.64,7.434,0.206,0.206
8.68,7.94,0.74,0.74
6.51,6.71,-0.2,0.2
7.63,7.954,-0.324,0.324
6.72,6.687,0.033,0.033
6.2,5.589,0.611,0.611
5.61,6.321,-0.711,0.711
6.18,5.691,0.489,0.489
7.5,7.004,0.496,0.496
6.54,6.041,0.499,0.499
7.37,7.013,0.357,0.357
6.42,6.241,0.179,0.179
6.19,6.149,0.041,0.041
7.07,7.113,-0.043,0.043
7.49,7.385,0.105,0.105
7.1,6.711,0.389,0.389
5.53,6.04,-0.51,0.51
4.22,4.775,-0.555,0.555
4.7,5.558,-0.858,0.858
6.5,6.164,0.336,0.336
7.35,7.651,-0.301,0.301
7.08,7.243,-0.163,0.163
8.19,7.364,0.826,0.826
6.57,5.288,1.282,1.282
6.12,7.118,-0.998,0.998
6.55,5.516,1.034,1.034
5.96,5.783,0.177,0.177
6.87,7.338,-0.468,0.468
6.5,6.853,-0.353,0.353
7.17,7.049,0.121,0.121
4.52,5.047,-0.527,0.527
6.49,6.735,-0.245,0.245
6.61,6.665,-0.055,0.055
7.7,7.36,0.34,0.34
7.26,5.771,1.489,1.489
6.61,6.694,-0.084,0.084
6.44,6.129,0.311,0.311
6.34,6.338,0.002,0.002
6.17,5.894,0.276,0.276
8.11,6.674,1.436,1.436
5.68,5.928,-0.248,0.248
7.02,6.826,0.194,0.194
7.96,7.48,0.48,0.48
7.33,7.269,0.061,0.061
5.76,5.373,0.387,0.387
7.88,8.095,-0.215,0.215
7.03,7.559,-0.529,0.529
6.07,6.101,-0.031,0.031
7.69,7.538,0.152,0.152
6.06,6.582,-0.522,0.522
5.65,5.307,0.343,0.343
6.72,7.001,-0.281,0.281
6.78,6.464,0.316,0.316
7.54,7.091,0.449,0.449
6.71,7.288,-0.578,0.578
4.11,4.763,-0.653,0.653
6.27,6.648,-0.378,0.378
7.79,7.3,0.49,0.49
7.46,7.198,0.262,0.262
7.14,7.579,-0.439,0.439
7.25,6.787,0.463,0.463
7.33,7.006,0.324,0.324
6.68,6.917,-0.237,0.237
5.0,5.868,-0.868,0.868
7.25,7.147,0.103,0.103
7.12,7.126,-0.006,0.006
5.15,5.603,-0.453,0.453
5.82,5.706,0.114,0.114
6.08,6.806,-0.726,0.726
6.37,6.159,0.211,0.211
6.62,5.841,0.779,0.779
5.43,5.651,-0.221,0.221
7.49,7.485,0.005,0.005
4.56,4.218,0.342,0.342
4.13,5.307,-1.177,1.177
6.94,6.878,0.062,0.062
5.5,5.739,-0.239,0.239
4.9,5.948,-1.048,1.048
7.54,6.554,0.986,0.986
7.64,6.59,1.05,1.05
6.88,6.258,0.622,0.622
3.9,5.633,-1.733,1.733
6.46,6.883,-0.423,0.423
6.71,5.95,0.76,0.76
4.16,4.909,-0.749,0.749
5.53,6.066,-0.536,0.536
5.79,5.62,0.17,0.17
7.05,6.379,0.671,0.671
7.23,6.851,0.379,0.379
7.18,6.808,0.372,0.372
5.93,5.751,0.179,0.179
3.94,5.743,-1.803,1.803
5.67,5.968,-0.298,0.298
5.89,6.071,-0.181,0.181
6.65,6.864,-0.214,0.214
5.83,5.74,0.09,0.09
7.47,7.064,0.406,0.406
6.8,7.241,-0.441,0.441
8.46,7.793,0.667,0.667
6.38,5.968,0.412,0.412
7.4,6.957,0.443,0.443
5.41,6.3,-0.89,0.89
6.72,6.607,0.113,0.113
7.24,6.738,0.502,0.502
7.27,6.958,0.312,0.312
7.29,7.023,0.267,0.267
6.46,5.765,0.695,0.695
6.04,5.964,0.076,0.076
6.86,6.743,0.117,0.117
5.77,5.75,0.02,0.02
5.19,5.738,-0.548,0.548
7.0,5.626,1.374,1.374
4.31,5.869,-1.559,1.559
6.64,6.316,0.324,0.324
5.15,6.657,-1.507,1.507
6.47,7.005,-0.535,0.535
7.41,6.992,0.418,0.418
5.98,6.856,-0.876,0.876
6.02,6.598,-0.578,0.578
8.21,7.385,0.825,0.825
7.05,6.369,0.681,0.681
6.92,7.316,-0.396,0.396
4.39,5.754,-1.364,1.364
7.3,7.135,0.165,0.165
7.44,7.6,-0.16,0.16
5.47,5.37,0.1,0.1
8.23,7.275,0.955,0.955
7.02,6.96,0.06,0.06
7.45,7.11,0.34,0.34
6.78,6.665,0.115,0.115
7.6,7.056,0.544,0.544
6.73,7.008,-0.278,0.278
5.8,5.662,0.138,0.138
5.33,5.695,-0.365,0.365
7.08,6.962,0.118,0.118
6.32,7.394,-1.074,1.074
4.89,5.446,-0.556,0.556
7.11,6.724,0.386,0.386
6.19,5.948,0.242,0.242
6.27,5.834,0.436,0.436
7.98,6.779,1.201,1.201
4.17,5.875,-1.705,1.705
6.37,6.745,-0.375,0.375
7.0,5.333,1.667,1.667
4.44,6.193,-1.753,1.753
6.86,6.247,0.613,0.613
4.27,4.554,-0.284,0.284
7.29,7.065,0.225,0.225
5.74,5.904,-0.164,0.164
7.01,7.063,-0.053,0.053
6.84,7.066,-0.226,0.226
6.07,6.513,-0.443,0.443
5.28,4.911,0.369,0.369
6.91,7.349,-0.439,0.439
5.36,5.824,-0.464,0.464
5.56,5.401,0.159,0.159
7.12,5.393,1.727,1.727
5.0,5.608,-0.608,0.608
6.17,5.709,0.461,0.461
5.47,5.675,-0.205,0.205
5.23,5.71,-0.48,0.48
6.42,6.376,0.044,0.044
6.72,7.266,-0.546,0.546
7.05,6.724,0.326,0.326
7.6,6.975,0.625,0.625
7.55,6.726,0.824,0.824
6.43,6.677,-0.247,0.247
7.13,7.003,0.127,0.127
6.5,5.608,0.892,0.892
6.82,6.902,-0.082,0.082
6.53,6.765,-0.235,0.235
5.13,5.043,0.087,0.087
6.72,6.78,-0.06,0.06
5.6,6.03,-0.43,0.43
4.64,5.71,-1.07,1.07
7.0,6.416,0.584,0.584
5.56,5.642,-0.082,0.082
6.29,6.068,0.222,0.222
6.62,6.104,0.516,0.516
6.89,7.038,-0.148,0.148
5.94,5.987,-0.047,0.047
6.6,6.56,0.04,0.04
6.6,6.12,0.48,0.48
4.38,4.855,-0.475,0.475
5.26,5.696,-0.436,0.436
8.05,7.248,0.802,0.802
6.26,5.878,0.382,0.382
7.0,6.554,0.446,0.446
5.95,6.319,-0.369,0.369
8.49,7.623,0.867,0.867
6.64,7.136,-0.496,0.496
7.0,5.998,1.002,1.002
6.32,7.2,-0.88,0.88
6.53,6.773,-0.243,0.243
8.1,8.365,-0.265,0.265
5.85,6.738,-0.888,0.888
6.05,6.792,-0.742,0.742
5.33,5.139,0.191,0.191
6.55,5.98,0.57,0.57
5.72,5.919,-0.199,0.199
6.81,6.312,0.498,0.498
7.27,7.034,0.236,0.236
6.42,6.576,-0.156,0.156
6.21,5.888,0.322,0.322
6.48,6.554,-0.074,0.074
6.18,6.557,-0.377,0.377
6.4,7.256,-0.856,0.856
6.77,7.351,-0.581,0.581
6.35,6.344,0.006,0.006
6.79,7.498,-0.708,0.708
7.42,7.044,0.376,0.376
7.04,7.414,-0.374,0.374
5.41,5.17,0.24,0.24
6.37,6.253,0.117,0.117
5.49,5.752,-0.262,0.262
6.92,6.399,0.521,0.521
5.46,6.432,-0.972,0.972
8.78,8.222,0.558,0.558
6.38,6.903,-0.523,0.523
7.09,6.737,0.353,0.353
5.14,5.273,-0.133,0.133
7.97,6.795,1.175,1.175
7.22,6.373,0.847,0.847
6.0,6.492,-0.492,0.492
7.62,6.906,0.714,0.714
6.46,6.016,0.444,0.444
7.54,7.55,-0.01,0.01
5.62,6.366,-0.746,0.746
7.43,6.636,0.794,0.794
8.19,7.166,1.024,1.024
8.49,7.132,1.358,1.358
3.26,5.42,-2.16,2.16
6.34,6.336,0.004,0.004
6.88,5.707,1.173,1.173
6.48,6.928,-0.448,0.448
6.93,6.193,0.737,0.737
5.7,6.193,-0.493,0.493
6.61,6.319,0.291,0.291
7.22,7.193,0.027,0.027
6.48,5.874,0.606,0.606
6.75,6.147,0.603,0.603
5.99,6.755,-0.765,0.765
5.76,5.94,-0.18,0.18
5.45,5.601,-0.151,0.151
7.07,7.056,0.014,0.014
5.56,5.041,0.519,0.519
4.81,5.331,-0.521,0.521
6.31,6.416,-0.106,0.106
6.81,7.46,-0.65,0.65
6.54,6.276,0.264,0.264
7.74,7.633,0.107,0.107
6.97,6.359,0.611,0.611
7.24,6.559,0.681,0.681
5.14,5.675,-0.535,0.535
7.43,6.196,1.234,1.234
6.57,6.592,-0.022,0.022
7.5,6.247,1.253,1.253
6.35,6.453,-0.103,0.103
7.56,7.445,0.115,0.115
5.55,5.508,0.042,0.042
7.06,7.394,-0.334,0.334
7.25,5.054,2.196,2.196
6.52,6.447,0.073,0.073
9.06,8.467,0.593,0.593
5.92,5.826,0.094,0.094
4.98,5.117,-0.137,0.137
5.44,6.104,-0.664,0.664
4.02,5.139,-1.119,1.119
6.35,7.076,-0.726,0.726
6.81,6.846,-0.036,0.036
7.88,7.028,0.852,0.852
7.0,6.601,0.399,0.399
7.0,6.561,0.439,0.439
5.14,6.149,-1.009,1.009
7.87,7.439,0.431,0.431
5.55,7.115,-1.565,1.565
7.23,6.354,0.876,0.876
5.99,5.714,0.276,0.276
7.34,7.016,0.324,0.324
6.55,6.061,0.489,0.489
5.21,5.24,-0.03,0.03
7.77,7.562,0.208,0.208
7.43,6.157,1.273,1.273
8.03,7.897,0.133,0.133
4.0,5.283,-1.283,1.283
5.37,5.127,0.243,0.243
5.63,6.322,-0.692,0.692
5.95,6.026,-0.076,0.076
7.63,6.844,0.786,0.786
5.97,5.598,0.372,0.372
6.78,6.946,-0.166,0.166
6.04,5.424,0.616,0.616
7.64,7.559,0.081,0.081
6.24,6.733,-0.493,0.493
6.49,6.058,0.432,0.432
6.31,6.724,-0.414,0.414
6.91,6.96,-0.05,0.05
6.28,6.869,-0.589,0.589
7.18,7.148,0.032,0.032
6.17,6.558,-0.388,0.388
8.22,8.472,-0.252,0.252
6.28,6.505,-0.225,0.225
6.58,6.048,0.532,0.532
6.95,6.887,0.063,0.063
4.93,5.082,-0.152,0.152
6.22,5.948,0.272,0.272
8.12,7.233,0.887,0.887
7.81,7.238,0.572,0.572
6.92,7.03,-0.11,0.11
4.65,5.655,-1.005,1.005
8.23,7.738,0.492,0.492
3.95,5.707,-1.757,1.757
6.15,5.719,0.431,0.431
7.09,6.377,0.713,0.713
5.35,6.974,-1.624,1.624
7.67,7.069,0.601,0.601
7.21,7.373,-0.163,0.163
6.1,6.319,-0.219,0.219
5.9,6.209,-0.309,0.309
6.81,6.12,0.69,0.69
5.25,4.95,0.3,0.3
6.66,6.857,-0.197,0.197
8.24,7.576,0.664,0.664
6.07,6.101,-0.031,0.031
7.86,5.598,2.262,2.262
6.34,7.105,-0.765,0.765
4.88,5.71,-0.83,0.83
7.07,7.36,-0.29,0.29
5.17,5.803,-0.633,0.633
6.45,6.836,-0.386,0.386
6.9,7.227,-0.327,0.327
6.12,6.051,0.069,0.069
7.56,7.171,0.389,0.389
7.13,6.44,0.69,0.69
4.32,5.683,-1.363,1.363
8.1,7.197,0.903,0.903
7.11,7.377,-0.267,0.267
6.63,6.263,0.367,0.367
7.39,6.45,0.94,0.94
7.93,7.385,0.545,0.545
7.46,7.016,0.444,0.444
6.23,6.225,0.005,0.005
6.19,6.393,-0.203,0.203
