actual,predicted
5.57,7.791
7.12,6.956
7.02,7.168
7.55,7.466
5.23,5.331
5.29,6.113
5.4,5.891
6.84,6.472
7.09,7.032
6.34,6.554
6.91,5.673
4.78,6.062
6.74,6.844
4.37,5.288
7.32,7.541
7.56,7.339
4.8,5.985
5.83,5.764
6.79,6.944
5.52,6.152
6.18,6.214
8.2,8.661
5.86,5.936
7.52,6.712
5.48,6.101
7.63,7.142
5.68,5.563
7.29,7.496
6.34,6.404
6.06,5.74
8.13,7.089
6.67,6.333
7.86,7.272
6.6,5.53
8.12,7.245
6.84,6.586
7.78,7.52
6.9,6.757
6.9,6.829
8.03,7.703
6.11,6.485
3.27,4.813
6.73,5.727
7.33,7.207
6.4,6.531
3.91,6.349
6.7,6.712
7.71,7.671
6.77,6.986
6.9,6.998
5.04,6.761
7.52,7.464
7.64,7.214
6.64,4.743
6.23,6.287
6.52,6.974
5.8,5.894
4.33,5.696
6.5,6.654
6.04,7.166
6.28,7.041
6.9,6.593
5.62,5.616
6.16,6.641
6.31,6.172
7.57,7.726
6.07,5.608
6.38,5.612
8.0,5.063
3.98,6.035
5.13,5.513
6.18,5.854
3.89,4.514
5.33,5.897
6.81,6.338
7.17,7.018
6.0,5.359
6.8,7.326
6.12,6.418
5.81,6.061
4.7,4.846
8.83,8.341
6.64,6.412
5.17,5.746
6.48,7.057
7.38,7.174
7.28,6.477
5.24,5.374
7.97,7.662
4.46,4.602
6.17,5.587
5.68,6.554
5.77,5.619
6.96,6.42
5.85,6.717
6.65,6.538
6.88,6.659
6.53,5.721
5.5,5.912
7.63,7.464
7.39,6.584
7.18,7.312
4.28,5.569
7.46,6.867
6.48,6.526
6.32,5.756
6.63,6.646
6.24,6.389
7.28,6.557
6.68,7.481
6.52,7.01
6.14,5.351
6.58,6.042
5.22,5.933
6.78,6.846
6.86,6.74
7.56,6.988
6.68,6.453
5.84,5.834
6.71,6.588
6.36,6.279
6.14,6.123
7.0,7.058
5.57,5.851
6.83,6.798
7.04,6.999
5.47,5.712
5.68,6.017
7.75,6.845
4.32,4.848
7.22,5.774
5.0,5.663
6.36,6.414
6.53,6.469
6.32,6.239
6.49,6.668
6.68,6.119
7.11,6.204
6.81,6.56
6.0,5.381
6.45,5.859
6.91,6.989
6.49,6.791
6.64,6.726
6.7,6.111
3.65,5.475
7.26,7.025
7.91,7.853
6.79,6.553
4.38,4.427
5.9,5.925
6.86,7.159
6.39,5.9
7.8,7.456
8.09,7.411
5.4,5.561
5.0,5.708
6.09,6.071
6.49,6.481
6.19,6.277
5.67,6.076
6.35,6.668
5.75,6.101
7.32,7.405
7.77,7.337
4.0,5.378
7.37,7.491
6.6,6.551
5.67,5.439
7.05,6.757
7.04,6.724
5.38,5.714
6.98,6.378
5.0,4.809
6.92,5.844
5.68,5.713
6.81,6.441
7.22,5.977
6.45,6.771
6.1,6.419
5.3,5.744
8.33,7.819
5.82,5.782
6.52,5.92
6.46,5.808
6.32,5.606
6.7,6.845
6.83,6.251
7.79,7.707
7.59,7.013
6.14,5.761
6.36,7.114
8.41,8.023
7.29,7.249
7.55,7.289
6.05,6.149
6.83,5.834
6.63,7.011
6.04,5.89
5.49,5.692
5.5,5.625
6.24,5.456
6.67,6.208
6.17,5.349
7.08,6.686
7.52,7.441
4.54,4.693
6.95,7.057
6.87,6.319
4.85,4.869
7.1,7.88
6.0,6.011
6.82,6.612
4.53,4.906
5.54,6.505
6.63,6.158
8.5,8.173
7.89,7.091
7.38,7.322
4.4,4.466
6.66,6.417
4.4,4.435
7.38,7.183
6.38,6.735
7.32,7.573
6.43,6.728
4.11,4.867
5.58,5.771
7.33,6.554
5.48,4.868
7.76,7.614
7.07,7.432
6.4,6.673
8.5,7.759
6.4,6.045
6.81,6.505
6.85,6.864
5.91,6.091
6.01,6.075
6.66,7.014
5.5,6.817
4.9,4.806
6.94,6.627
5.38,6.137
5.36,6.637
5.79,5.96
5.93,6.556
7.08,6.887
7.0,6.212
6.53,5.901
7.02,7.251
5.89,6.12
6.5,6.244
6.41,5.756
7.02,7.2
6.79,5.894
6.02,5.733
6.3,6.541
5.87,5.721
7.82,7.174
6.51,6.819
6.57,6.512
6.34,6.303
6.38,6.554
8.47,7.271
7.52,7.09
7.35,7.601
7.0,5.398
7.4,6.102
7.69,8.118
6.5,6.723
8.05,7.794
7.4,7.171
6.81,6.707
6.96,7.236
6.8,6.617
6.05,5.834
8.06,7.573
7.14,6.316
7.56,7.01
6.62,5.805
7.73,7.128
5.7,5.883
6.62,7.087
4.97,6.395
6.83,6.66
6.73,6.681
7.43,6.863
5.61,5.759
6.06,5.497
6.3,6.454
6.32,7.656
7.24,7.139
6.07,5.819
7.7,6.984
6.48,6.472
6.73,6.662
5.33,5.748
5.06,5.999
5.75,6.546
6.3,6.452
7.55,7.699
5.83,5.714
6.8,6.838
6.56,6.786
7.49,7.399
4.12,4.874
7.16,6.881
6.26,5.655
6.59,7.231
4.2,4.625
7.74,7.114
6.66,6.441
6.67,6.858
6.33,6.109
7.27,6.987
5.64,5.831
8.67,7.62
7.1,6.73
6.2,6.627
6.55,6.665
6.32,5.462
6.64,6.175
6.82,7.35
7.36,7.687
5.98,6.682
6.56,5.687
7.92,6.934
6.44,7.093
8.13,7.349
7.29,7.531
7.33,6.152
8.26,7.756
7.93,7.954
6.57,6.792
6.44,6.515
7.15,6.356
6.34,7.032
6.85,6.182
6.62,6.61
4.07,5.551
7.1,7.067
7.26,7.249
6.96,6.653
5.19,6.181
7.08,6.811
7.32,7.38
7.47,6.248
5.83,6.664
7.34,7.246
5.73,6.283
6.25,5.628
5.78,6.571
6.72,6.282
5.38,6.113
6.51,6.337
6.53,6.398
6.52,6.897
6.5,5.717
6.9,7.065
5.28,4.597
6.0,6.855
6.87,6.623
6.22,6.21
7.02,5.99
6.4,6.486
6.55,7.335
6.63,6.304
7.19,7.24
6.19,5.799
7.19,7.28
7.56,6.951
4.98,5.476
6.48,7.112
6.9,6.899
6.5,4.899
6.8,6.595
5.88,5.705
5.18,5.457
6.37,6.205
6.73,7.344
6.92,6.696
4.27,5.43
5.28,5.297
6.47,6.559
4.32,5.024
7.13,6.284
6.83,6.582
6.69,6.868
7.38,6.981
7.15,6.173
6.44,6.561
8.93,8.223
6.89,7.029
5.93,5.814
6.65,5.872
5.48,5.565
6.77,6.736
6.58,6.048
5.09,5.77
6.62,5.987
7.18,7.084
7.29,7.164
5.13,5.738
5.89,5.96
5.97,6.384
7.25,7.103
5.88,6.227
7.61,7.116
6.05,5.569
6.72,7.549
7.86,7.25
7.74,7.882
7.94,7.296
6.4,6.082
8.04,7.066
7.8,7.787
5.83,5.918
6.36,7.006
7.35,7.338
6.9,6.626
6.98,7.329
5.94,6.379
6.28,6.784
6.42,5.869
6.22,6.233
6.64,6.584
6.09,6.574
5.65,5.742
5.96,6.766
6.57,6.319
6.91,7.255
6.67,6.846
5.88,5.437
5.36,6.85
6.13,5.626
5.41,5.549
7.2,7.653
6.4,6.986
6.06,5.663
5.45,5.867
8.65,7.625
4.67,5.545
5.81,5.614
6.32,6.659
5.92,5.639
6.47,7.025
8.51,8.125
6.57,6.512
7.25,7.187
6.59,6.941
5.06,5.612
6.38,5.788
8.09,7.471
4.78,5.853
7.05,6.711
6.5,6.361
6.81,6.203
7.42,7.551
6.75,7.137
6.21,6.205
6.31,5.91
8.31,7.406
8.32,8.084
4.23,5.741
7.07,6.551
7.03,7.657
7.72,7.08
6.71,7.02
5.33,6.409
6.28,6.205
6.15,5.713
7.16,7.79
7.55,7.499
5.68,6.322
6.25,6.514
5.74,6.178
7.44,7.731
6.45,6.53
6.25,6.48
3.54,4.732
4.52,5.288
5.0,6.172
8.01,7.803
5.86,6.102
5.0,6.004
5.88,5.834
7.96,7.61
6.88,7.344
4.5,4.927
7.47,6.921
7.47,6.927
6.72,7.139
5.25,6.569
8.16,8.134
7.04,7.002
6.21,5.669
6.5,6.311
5.77,6.205
4.0,4.828
7.0,5.67
5.95,6.123
6.72,6.648
6.73,7.531
6.9,5.88
7.09,6.342
6.81,7.075
7.06,6.319
7.11,7.502
4.6,5.592
5.27,5.518
7.4,7.592
7.41,6.062
6.69,6.313
7.04,7.063
8.0,5.827
5.4,4.693
5.33,6.56
5.48,5.753
6.42,6.901
6.04,5.89
6.02,6.076
5.85,6.101
3.8,4.877
6.04,4.81
2.98,5.746
4.88,5.701
7.72,7.099
6.82,7.061
5.13,7.17
6.6,6.559
8.0,7.212
7.45,6.614
7.01,6.687
6.18,5.794
6.71,6.319
7.49,6.69
5.89,5.71
7.65,6.983
6.11,6.889
6.0,5.105
6.0,6.178
2.67,5.784
6.34,6.411
6.4,6.31
6.62,6.308
6.21,5.971
7.31,5.892
7.07,6.917
5.5,5.467
6.22,6.167
6.64,6.759
8.49,8.045
7.64,7.987
5.5,5.78
7.0,7.096
6.27,6.316
6.18,7.352
6.47,5.803
8.31,8.045
5.54,5.192
7.86,7.636
7.3,6.985
5.2,5.904
7.6,7.274
8.02,7.57
5.87,6.422
7.33,7.41
7.08,7.042
6.74,7.206
8.71,8.134
6.38,6.657
6.57,7.12
8.38,5.615
6.25,6.167
7.92,8.007
5.15,5.476
6.02,6.14
6.3,5.276
7.36,6.84
6.18,6.067
6.33,5.973
6.86,7.238
7.4,6.92
8.16,8.315
7.26,6.849
5.11,5.653
5.89,7.096
6.5,7.323
4.55,5.718
4.0,4.866
6.36,7.22
5.6,5.956
4.7,5.184
5.85,6.088
7.4,7.611
5.7,5.868
7.08,7.271
7.48,7.308
6.09,5.903
5.78,6.065
6.28,6.336
6.6,6.612
5.75,6.34
8.33,6.213
8.37,7.984
7.3,7.002
6.38,6.952
5.95,5.705
7.9,7.114
6.75,6.329
6.82,6.989
5.51,5.635
4.35,5.828
8.06,7.561
7.19,7.033
6.01,6.464
6.06,6.496
6.99,6.934
6.94,7.057
6.31,5.664
7.11,7.409
6.34,6.997
6.15,6.626
6.85,7.048
5.07,4.625
4.28,4.492
6.82,6.582
7.15,6.34
5.47,5.743
5.49,5.681
5.61,6.001
7.52,7.208
8.2,7.604
5.88,6.983
4.16,5.307
3.89,5.305
5.91,5.89
6.25,5.809
8.32,8.216
6.71,6.373
7.44,7.969
7.45,7.153
5.46,6.603
5.58,5.645
7.76,8.126
6.81,7.05
6.07,5.73
7.32,7.604
7.24,6.767
7.65,6.997
3.8,5.727
5.8,5.897
7.33,5.337
6.44,7.221
7.19,7.031
6.92,6.858
5.82,5.74
6.85,7.488
5.6,5.607
6.56,5.817
6.88,7.075
8.12,7.623
6.02,6.307
6.78,6.404
8.19,7.59
4.8,5.107
6.78,6.307
6.99,7.185
6.15,6.308
6.53,6.618
3.17,4.662
5.81,6.155
6.38,6.669
8.0,7.135
5.61,6.34
6.61,6.171
7.13,6.292
6.97,5.982
7.46,7.229
6.12,5.996
7.21,7.426
7.57,5.288
5.5,6.718
6.32,6.187
6.9,6.455
6.48,6.1
6.1,6.753
8.05,7.448
7.63,7.348
7.57,7.419
7.34,7.962
6.32,7.58
6.58,6.799
6.5,5.897
6.2,6.122
6.38,6.155
6.99,6.551
4.27,5.832
7.81,7.629
7.55,7.137
6.75,6.855
6.9,6.967
8.25,8.219
7.66,7.827
7.63,7.618
5.06,5.742
3.53,4.884
6.2,6.897
5.36,6.42
5.17,5.599
3.6,5.364
6.08,5.569
5.23,6.595
7.35,6.885
7.31,6.899
5.71,6.14
6.74,7.004
7.18,7.08
6.48,6.533
6.91,5.864
5.58,5.751
7.27,7.213
5.2,5.312
6.16,6.573
6.0,5.957
7.24,6.468
5.35,5.626
5.76,5.603
6.33,6.917
6.38,6.895
7.1,7.231
7.27,7.309
6.81,6.977
6.31,6.119
6.34,6.237
6.59,6.062
7.13,7.36
6.99,6.66
3.83,5.057
6.32,6.438
6.19,6.249
7.09,6.744
5.43,5.845
8.26,8.281
6.66,6.915
7.85,7.628
5.65,6.215
5.07,5.943
5.27,5.499
6.83,6.617
7.97,6.691
4.04,4.72
7.0,6.423
6.67,6.011
4.4,4.646
5.91,6.23
5.67,5.905
6.1,6.49
7.08,7.101
7.82,7.633
6.74,6.484
6.64,6.722
6.0,5.834
3.67,5.469
3.8,4.773
6.22,6.609
5.55,5.71
6.56,6.414
7.95,7.338
6.83,6.0
6.63,6.919
6.44,7.058
7.04,6.863
6.9,6.435
8.36,7.395
6.76,6.446
6.25,6.748
6.76,6.25
7.19,6.284
8.75,7.967
6.54,7.211
6.8,6.317
5.51,5.837
6.31,6.436
5.83,6.612
7.24,7.077
5.9,5.833
5.85,6.89
6.62,6.336
7.57,7.306
7.35,6.757
6.67,6.748
6.43,6.842
6.18,6.348
6.58,7.43
6.89,4.028
5.0,6.188
7.57,7.342
6.99,6.803
5.9,6.646
7.01,7.457
5.67,5.62
6.03,5.373
5.13,5.307
6.74,6.813
6.17,6.409
5.64,5.916
6.15,6.865
7.26,7.329
5.09,5.695
6.11,6.67
6.69,6.553
3.11,5.876
5.87,5.833
7.67,7.63
5.16,5.029
7.55,7.305
6.6,6.692
7.55,6.35
5.91,6.618
6.25,6.51
6.45,6.417
6.11,6.027
6.62,6.507
5.75,5.89
6.47,6.887
7.0,6.215
6.59,7.061
5.95,5.63
6.33,6.079
6.2,5.685
5.04,5.815
5.8,6.524
5.42,6.501
3.78,5.755
7.29,7.283
5.5,5.163
5.59,5.987
7.39,7.477
8.11,7.536
7.16,7.048
7.21,6.978
6.79,5.686
7.0,7.544
5.91,6.53
6.04,5.892
5.46,6.139
6.8,7.442
7.51,6.712
6.09,6.242
7.78,7.757
4.8,5.641
7.02,7.004
5.25,5.644
6.94,7.767
5.33,5.574
6.85,5.971
6.9,7.173
8.33,6.176
6.32,6.046
6.81,6.77
7.22,6.28
5.81,6.885
5.35,6.128
6.38,6.802
6.59,5.792
6.42,6.436
5.61,5.722
7.7,7.661
7.05,6.66
5.92,6.333
6.98,7.126
5.67,5.744
6.56,7.282
5.91,5.783
7.32,7.473
5.96,5.833
3.56,4.804
7.16,7.22
8.18,7.538
6.81,7.333
5.15,5.987
5.63,5.732
4.08,5.096
5.67,5.537
4.11,5.795
7.25,7.034
6.84,6.554
6.55,5.937
6.3,6.654
6.25,6.307
6.69,7.326
5.89,6.382
6.97,7.11
6.54,6.55
7.2,7.201
6.9,6.043
6.58,6.713
6.55,6.855
7.55,7.495
7.32,6.757
6.46,5.924
6.58,6.793
6.26,5.938
6.75,7.087
6.09,6.569
8.53,7.761
8.69,6.995
6.34,6.071
6.52,6.541
6.88,6.484
7.48,7.34
6.69,6.764
6.91,6.825
7.49,6.975
6.81,6.567
6.59,6.092
7.35,6.933
7.76,7.006
5.47,6.251
7.21,7.558
6.26,7.619
6.75,6.818
6.92,7.176
6.88,7.483
7.17,7.034
7.11,6.763
7.47,6.785
5.38,5.872
6.9,7.404
6.5,5.868
6.43,6.063
7.04,6.967
7.59,7.455
7.26,7.272
6.04,6.403
6.45,6.309
6.85,7.069
6.22,4.855
4.59,5.318
6.9,6.769
6.4,5.721
6.11,5.916
8.54,7.728
5.44,5.256
4.6,5.828
8.43,8.135
6.9,5.933
8.08,7.798
7.46,7.657
7.11,7.215
6.78,6.868
8.19,8.0
7.65,7.814
4.1,5.872
5.72,6.734
5.77,6.071
6.17,7.306
6.9,6.407
5.56,6.101
5.13,5.286
7.4,7.332
7.37,7.301
7.73,7.311
7.55,7.163
7.05,6.448
6.53,6.578
4.61,5.169
7.28,7.556
6.42,6.787
5.97,5.561
6.43,5.998
7.15,6.9
5.91,6.568
5.41,5.644
5.67,5.681
6.58,5.857
6.01,7.165
5.98,6.646
6.76,6.986
6.25,6.36
7.47,6.732
7.71,6.358
6.44,6.336
6.94,6.318
6.89,6.141
4.86,5.953
6.22,6.598
6.94,6.604
6.1,6.228
7.75,7.464
6.8,6.798
7.15,6.238
7.21,6.624
7.48,6.589
6.86,6.662
8.05,7.487
4.92,6.634
7.34,6.916
7.4,6.984
8.58,7.971
6.34,6.654
5.44,5.825
6.17,7.166
7.25,7.039
7.79,6.94
7.5,5.516
6.46,6.803
5.64,5.888
6.61,6.242
8.15,7.584
6.0,5.379
7.1,6.672
5.49,5.545
7.52,7.529
5.35,5.635
6.4,6.415
6.11,6.92
5.35,5.193
6.67,6.751
3.52,4.644
5.59,6.459
7.65,7.078
7.49,7.124
5.5,5.524
6.52,7.344
6.1,5.967
6.18,6.036
7.25,4.921
7.55,7.645
6.4,6.384
5.95,6.449
5.07,6.378
6.57,6.867
5.36,6.062
7.16,7.007
6.84,6.187
5.64,5.457
5.45,5.953
3.57,4.76
5.95,6.727
7.47,6.892
7.21,6.99
6.0,5.706
6.78,6.731
6.9,6.949
5.61,5.78
7.32,7.031
6.43,6.554
7.44,5.619
6.91,6.916
7.27,7.031
5.5,5.748
6.35,5.84
3.67,4.319
6.6,6.302
5.95,6.967
5.82,6.741
5.74,6.558
7.98,7.764
6.36,5.976
3.74,4.547
5.15,5.935
6.96,6.728
6.9,6.836
5.67,5.757
5.98,6.1
7.46,6.191
5.83,4.908
5.45,4.855
7.66,8.114
6.92,6.514
5.57,5.837
7.87,8.25
7.39,6.764
7.36,7.396
5.99,6.308
7.1,7.157
6.79,6.84
5.86,5.888
8.17,6.256
6.58,6.322
5.17,6.184
1.92,5.506
6.85,6.382
6.79,6.305
7.08,6.338
3.51,4.625
6.25,6.057
5.84,5.676
7.5,7.316
6.61,6.803
6.35,6.337
7.07,7.09
3.72,4.79
6.68,6.215
7.78,7.229
5.07,5.558
4.5,5.357
6.74,6.887
6.29,6.338
6.48,6.205
7.08,7.036
6.61,6.824
6.95,6.807
6.53,6.308
7.54,6.656
6.56,6.994
5.0,5.326
6.64,5.803
7.15,7.023
7.39,7.006
7.11,7.005
6.0,5.713
7.24,7.178
5.26,5.437
6.9,5.783
6.34,6.654
5.99,6.028
6.83,7.182
7.88,7.952
5.18,5.699
6.08,6.352
6.12,7.091
6.84,6.75
7.53,7.459
6.21,6.807
4.14,5.775
8.74,8.741
7.16,6.865
7.43,7.308
6.9,6.627
7.48,7.099
6.61,5.888
6.72,6.838
7.53,7.339
8.09,7.172
5.94,6.415
7.13,7.457
5.33,5.84
7.33,6.401
6.96,6.44
7.32,7.614
6.99,6.333
7.28,7.584
6.38,5.512
6.84,6.688
5.9,6.139
6.87,6.545
5.44,5.353
6.58,6.28
7.31,7.432
5.84,5.399
7.88,7.805
7.32,6.329
7.54,7.092
7.6,7.023
5.75,6.092
7.11,8.054
7.94,7.635
4.52,5.715
7.41,7.275
5.88,5.555
6.28,6.134
5.87,5.536
6.03,6.79
5.14,5.641
7.85,7.243
7.12,6.799
4.3,5.577
7.31,6.448
5.26,5.507
6.32,7.091
6.4,5.305
8.12,7.345
6.83,6.078
7.99,7.149
3.86,5.001
5.68,6.049
5.73,6.827
7.45,7.114
6.3,5.487
4.4,4.965
6.74,7.009
6.5,5.577
6.68,7.087
3.77,4.473
8.15,8.029
4.62,5.647
5.67,6.363
5.0,5.621
7.13,6.801
6.23,5.868
7.63,7.623
8.6,7.473
6.04,6.344
4.42,6.488
7.47,7.447
6.53,7.213
6.24,5.833
4.18,4.602
6.75,6.796
4.98,4.667
5.52,6.101
5.75,5.437
6.57,6.173
7.9,5.75
8.09,7.728
7.34,7.04
5.89,6.124
6.12,5.853
5.91,6.585
6.07,5.625
6.33,6.322
7.1,7.473
7.16,7.218
7.9,7.79
7.05,6.006
7.28,7.586
7.03,6.508
6.15,5.895
6.8,5.899
6.63,6.026
5.81,5.894
7.6,7.696
4.75,5.421
6.33,6.481
6.07,6.081
7.26,7.202
7.5,6.576
7.33,5.951
7.87,7.909
9.37,8.41
6.21,6.12
6.32,6.963
5.14,5.0
6.03,6.628
6.73,6.564
6.81,7.142
6.09,5.666
7.26,6.681
6.46,6.143
5.91,6.878
6.91,6.729
6.85,7.082
6.53,6.061
6.77,7.187
7.27,7.093
7.47,6.423
6.96,7.425
6.49,6.691
5.89,6.668
6.42,6.132
6.7,6.631
7.44,7.6
6.02,6.334
7.34,7.345
5.37,6.107
5.06,5.455
8.31,7.379
7.19,6.661
6.49,7.017
7.07,6.654
7.79,7.436
6.23,7.422
6.29,6.045
6.37,6.004
7.34,7.313
5.34,5.545
5.63,6.131
6.16,6.02
7.08,6.734
7.47,7.41
5.4,4.718
6.93,5.594
6.0,5.742
5.56,5.96
7.35,7.663
7.83,7.856
5.84,5.916
6.71,6.744
6.8,6.588
6.11,6.189
5.39,6.21
5.57,5.793
6.38,6.612
5.89,5.967
6.54,6.08
6.91,6.805
6.94,6.913
6.85,6.571
5.05,5.306
7.55,7.707
7.9,7.271
3.32,5.024
5.46,5.563
4.79,5.53
7.96,7.52
6.61,6.554
7.25,7.233
6.57,5.577
6.97,7.044
3.46,5.018
7.09,7.298
7.85,7.3
6.17,6.248
6.01,5.824
6.54,6.718
6.78,6.045
6.49,6.349
6.74,6.14
5.78,6.171
7.21,7.209
6.6,6.864
6.19,6.734
6.13,5.72
7.58,7.209
8.67,5.798
6.25,6.422
7.11,7.068
8.5,5.868
5.63,5.106
6.64,6.875
7.46,7.343
6.17,6.796
6.89,6.681
7.4,4.809
7.56,7.761
7.71,7.322
5.79,6.122
4.95,5.63
7.46,6.998
8.37,7.294
8.38,7.885
7.0,5.895
7.25,5.932
5.51,5.802
5.93,6.643
7.61,7.156
5.9,4.693
7.75,7.459
5.98,5.353
7.1,6.27
7.43,7.606
7.77,7.176
7.21,7.064
7.37,7.123
7.83,7.444
6.38,5.727
6.63,6.927
6.77,6.615
7.52,7.573
6.99,6.971
5.12,5.24
8.0,6.618
6.86,6.722
5.83,5.891
6.58,7.425
4.46,4.855
6.66,6.289
7.4,7.642
7.15,6.744
7.65,6.75
5.61,6.187
6.9,5.613
6.73,6.672
7.22,6.894
7.42,7.321
7.0,6.676
7.95,6.862
6.55,7.599
7.36,6.578
7.09,6.787
6.65,6.066
6.56,6.957
7.05,7.148
5.49,5.616
7.29,6.656
4.76,5.253
7.66,7.883
6.58,6.175
7.47,7.593
4.79,6.01
6.85,5.908
6.24,6.187
7.93,6.611
6.75,6.058
6.19,6.293
6.91,5.853
6.84,5.869
4.67,6.638
7.05,6.972
6.58,7.113
6.86,6.939
7.42,7.27
6.25,6.382
6.84,6.875
6.14,6.231
8.5,7.097
6.25,5.302
4.51,4.693
5.95,6.215
6.69,6.858
7.0,6.151
6.08,6.115
5.55,5.886
5.71,5.666
4.44,5.139
7.04,6.69
7.08,6.443
6.84,6.109
5.55,5.681
6.56,6.243
8.22,7.994
6.22,6.227
6.9,6.832
7.33,7.995
6.14,6.654
7.24,6.665
5.07,5.524
6.83,6.088
7.29,7.075
6.77,6.69
6.33,6.548
6.0,5.688
6.49,6.576
7.21,6.269
6.24,5.459
6.15,6.317
6.67,6.595
5.58,7.076
6.04,6.027
7.96,7.607
5.56,5.655
5.04,5.915
6.48,6.444
5.48,5.787
7.0,6.876
5.99,6.315
3.52,5.349
6.93,6.679
6.54,6.151
7.19,7.682
7.2,6.025
7.07,6.973
5.76,5.868
5.45,5.921
7.93,7.551
6.32,7.086
6.69,6.771
5.35,5.431
7.13,5.986
6.91,7.032
6.58,6.673
6.26,5.951
7.13,7.147
8.24,7.939
4.75,5.532
6.72,6.602
5.1,5.934
6.9,6.656
7.6,6.851
6.8,6.171
5.94,6.33
6.87,7.456
6.63,6.484
6.84,6.298
6.12,6.852
7.0,5.885
5.98,5.858
7.25,6.654
7.56,7.182
8.26,7.24
6.19,6.242
6.65,6.45
7.37,7.297
5.9,5.854
7.86,7.562
5.67,5.949
6.1,6.211
5.9,6.452
6.91,6.789
6.79,7.046
6.5,7.191
7.13,7.261
7.04,7.113
7.44,6.945
7.89,8.097
5.14,4.421
6.12,6.554
6.15,6.071
5.64,6.617
6.81,6.989
4.52,5.908
3.93,4.637
6.57,5.892
5.87,5.833
5.48,5.184
7.33,7.565
7.36,6.103
5.0,5.626
6.64,6.618
6.83,7.025
7.08,7.285
6.09,6.275
6.81,6.484
5.57,6.143
6.52,5.845
6.85,7.384
6.6,6.006
7.62,7.661
7.13,7.041
7.27,6.639
4.75,5.72
5.95,5.792
6.61,5.307
6.69,7.208
6.58,5.677
7.24,6.821
6.64,7.01
6.98,5.882
6.05,5.552
7.39,6.565
6.14,5.995
6.53,7.075
7.04,6.886
6.48,6.406
6.91,6.285
3.79,5.23
5.32,5.537
7.7,7.607
6.34,6.954
6.66,6.576
7.61,7.518
7.75,7.628
4.08,5.548
3.39,4.888
6.84,7.198
7.67,7.108
5.55,5.437
6.44,5.874
7.43,7.342
6.72,7.178
6.68,6.733
6.26,5.641
6.06,6.632
7.48,7.365
7.24,6.13
6.5,5.759
4.3,5.811
3.83,5.816
7.47,7.265
7.17,6.497
7.03,7.17
4.0,4.45
6.04,5.842
6.64,6.657
7.3,6.917
7.2,7.348
7.7,7.434
7.66,7.095
4.58,5.048
5.88,6.464
6.77,6.702
6.95,6.227
6.1,5.78
9.1,7.767
5.78,5.859
6.09,6.403
5.91,6.12
5.19,6.031
8.51,8.109
7.54,7.236
6.94,6.504
8.09,7.495
7.02,6.877
5.69,5.742
6.66,6.346
5.89,5.519
6.73,6.986
6.38,7.076
6.65,6.848
5.63,6.034
7.74,7.409
7.71,6.594
6.43,7.135
6.32,6.444
6.52,6.616
7.06,6.94
6.59,6.308
5.04,4.813
6.75,7.003
6.08,5.437
7.55,6.546
7.45,7.271
7.95,8.284
5.87,6.1
6.49,7.507
5.8,5.7
5.35,5.767
7.25,6.978
9.17,8.515
4.5,4.75
8.11,7.83
7.45,7.172
3.59,4.82
7.33,6.933
6.46,6.413
7.24,6.744
7.34,6.916
8.24,7.302
6.32,7.167
8.08,7.276
5.07,5.868
6.67,6.042
4.25,5.882
5.25,5.645
7.68,7.279
5.13,5.442
6.41,5.901
6.98,7.145
8.53,7.671
7.14,6.291
5.85,5.858
7.11,7.22
6.04,6.33
6.99,6.949
6.92,6.148
8.23,7.698
7.6,7.362
6.97,6.862
7.39,6.293
5.99,6.567
6.24,6.292
6.56,6.745
6.05,6.205
7.32,7.171
6.74,6.791
7.83,6.314
5.61,6.101
6.76,6.533
3.57,4.842
8.1,7.888
4.72,5.214
7.34,7.472
5.46,6.357
7.29,6.872
5.27,5.565
5.36,5.451
6.41,6.677
5.77,6.145
7.88,7.104
7.13,6.581
4.45,4.645
8.1,7.003
5.85,5.607
8.43,6.562
7.0,6.456
5.67,4.101
6.32,5.845
4.77,4.597
6.32,6.3
3.98,4.851
4.75,4.514
3.57,5.387
4.86,5.952
3.82,7.352
6.48,6.528
7.33,6.442
6.56,6.528
6.11,6.467
7.51,7.182
6.8,5.609
5.15,6.55
6.43,6.323
7.68,7.997
5.6,6.004
7.55,7.464
5.4,5.617
5.83,5.325
7.21,7.365
6.88,6.974
6.78,6.249
6.32,6.757
6.36,6.557
7.5,6.142
5.69,6.001
5.72,6.352
6.49,6.323
6.63,6.211
5.99,6.317
7.93,7.326
7.27,7.053
6.91,6.914
6.33,6.752
5.35,5.644
5.92,6.071
5.96,6.019
8.45,8.222
7.26,6.372
8.06,6.962
7.32,7.289
4.81,5.764
6.12,7.134
7.18,6.586
7.84,7.65
5.33,5.484
8.2,7.702
6.5,5.567
6.2,5.772
7.44,6.835
7.39,7.239
8.05,7.532
7.13,7.021
7.57,8.224
3.43,5.727
6.75,6.437
4.92,6.423
6.98,6.713
8.26,7.568
7.73,7.079
7.87,7.701
7.21,6.764
6.17,5.74
7.0,6.214
7.29,7.017
5.25,4.846
6.0,5.713
7.97,6.921
7.46,6.822
5.8,5.471
5.57,6.067
6.7,5.802
7.5,7.291
3.54,4.547
5.64,6.017
3.36,4.625
5.13,5.082
7.21,7.46
6.95,6.706
5.6,4.982
5.57,4.966
5.53,5.498
5.94,6.44
8.56,8.277
5.42,5.336
6.58,6.919
7.36,7.287
7.83,7.837
3.79,4.854
6.28,6.341
7.11,6.933
6.58,6.212
6.49,7.157
6.38,6.157
7.1,7.295
6.0,6.938
4.45,5.46
6.32,6.401
6.17,6.167
5.21,4.995
5.94,6.535
6.3,6.126
8.17,7.481
6.32,6.551
4.33,4.625
5.79,6.395
4.94,5.644
7.69,7.631
7.53,7.747
8.07,7.194
4.91,5.728
4.67,4.321
5.95,5.643
8.21,7.706
7.61,7.344
7.66,7.481
7.0,6.739
6.1,6.205
6.67,5.824
5.81,5.714
6.46,6.948
6.3,6.42
6.0,6.125
6.32,6.615
7.03,5.844
6.75,6.101
7.8,7.279
7.52,7.618
4.3,5.892
6.0,6.389
7.37,7.061
5.26,5.287
3.85,5.885
6.71,7.199
4.93,5.646
6.4,6.219
8.35,7.38
7.67,7.618
6.39,6.344
6.8,6.745
3.11,5.612
4.67,5.615
5.33,5.89
7.28,7.486
4.67,5.796
6.47,6.034
7.49,7.003
6.39,5.527
7.24,7.061
8.03,7.501
8.22,7.504
5.18,6.248
6.57,6.549
3.49,4.427
7.15,6.503
5.67,6.381
6.38,6.633
6.02,6.333
4.25,5.262
4.94,4.906
7.95,6.768
6.95,6.903
6.94,7.468
6.23,6.745
5.67,4.793
6.37,7.061
7.18,6.601
5.42,5.712
5.7,5.902
6.59,7.605
5.84,5.84
7.84,7.044
4.33,5.615
8.21,7.811
7.16,7.382
7.69,7.51
7.63,7.023
3.73,5.499
6.54,5.686
7.15,6.533
8.0,6.935
4.07,4.744
7.74,8.266
6.41,6.666
5.85,6.291
7.67,6.973
6.83,6.267
6.46,6.416
7.49,7.429
5.45,5.401
6.75,6.261
6.32,5.992
7.07,5.726
6.4,6.256
7.69,6.731
6.82,7.382
6.0,5.975
6.83,6.992
6.17,6.657
7.22,7.061
7.14,7.16
7.44,7.649
5.89,6.101
5.26,5.385
7.07,7.042
5.66,5.735
5.64,6.586
7.48,6.931
7.14,6.729
5.25,5.688
7.29,7.034
6.87,6.647
6.98,6.818
5.22,6.273
7.21,7.423
7.38,7.501
6.84,6.654
8.67,7.68
6.27,6.309
7.66,7.445
6.05,6.066
6.87,7.291
7.78,7.88
5.62,5.63
5.27,5.601
7.85,7.286
7.17,7.053
5.56,5.968
5.89,6.284
6.98,6.559
6.75,5.378
7.38,7.061
6.01,6.285
6.58,6.611
7.37,6.505
5.91,6.012
6.62,6.833
5.88,5.601
3.53,4.597
7.12,7.617
5.68,6.462
7.97,7.669
5.99,6.418
7.32,7.373
5.13,5.733
6.65,7.308
7.28,7.123
7.72,6.584
6.01,6.205
6.19,6.234
5.55,6.289
6.13,5.385
6.65,7.148
7.03,7.069
7.37,7.046
5.67,5.816
7.4,6.94
5.57,6.304
6.38,6.984
6.56,6.544
6.22,6.522
6.41,6.735
6.19,6.267
6.28,6.317
6.13,6.983
5.92,5.326
6.9,6.883
6.91,6.525
6.33,6.855
6.6,6.408
6.67,6.179
7.58,7.252
7.54,7.579
6.33,6.763
6.65,6.552
6.48,5.929
6.04,6.338
7.18,6.831
5.9,6.31
4.36,5.662
7.5,6.559
4.4,5.721
7.01,6.42
6.32,6.707
6.35,6.548
8.56,7.602
6.49,6.65
7.29,7.138
6.81,6.68
5.3,5.082
7.77,7.472
8.17,8.46
6.72,7.082
5.71,5.59
7.5,7.378
3.82,4.964
6.64,5.805
7.5,7.439
5.53,5.825
5.16,5.601
6.88,6.312
6.25,6.766
6.81,7.308
6.38,7.283
7.52,7.521
7.41,7.472
6.58,6.124
6.92,7.099
6.13,6.634
6.71,6.668
6.09,6.433
5.12,5.861
6.31,7.464
7.43,7.398
4.89,5.618
6.88,6.341
8.48,7.273
6.96,6.285
4.5,5.6
8.05,7.359
5.55,5.705
7.82,7.021
6.36,6.193
7.44,7.525
5.02,6.737
4.67,4.551
6.01,6.465
6.09,5.894
6.68,6.99
6.38,6.653
4.62,5.508
5.92,5.828
6.36,5.589
4.18,4.602
7.64,7.856
8.76,7.328
6.48,6.698
6.7,6.173
6.15,6.049
6.4,6.094
7.5,8.031
6.57,6.566
7.27,7.184
8.58,7.334
6.93,6.457
6.86,7.135
7.28,7.2
7.33,6.184
6.2,5.764
5.47,6.467
3.83,5.066
6.24,6.172
7.25,7.079
4.45,6.204
6.04,6.061
7.0,6.198
5.5,6.102
7.67,7.533
5.75,6.408
7.03,6.864
6.38,6.89
5.46,6.755
7.1,7.325
8.14,8.169
5.39,5.642
6.45,5.97
5.87,5.626
6.73,6.608
5.08,5.886
6.64,6.53
5.58,5.884
6.75,7.32
7.11,6.793
6.46,6.544
7.64,7.434
8.68,7.94
6.51,6.71
7.63,7.954
6.72,6.687
6.2,5.589
5.61,6.321
6.18,5.691
7.5,7.004
6.54,6.041
7.37,7.013
6.42,6.241
6.19,6.149
7.07,7.113
7.49,7.385
7.1,6.711
5.53,6.04
4.22,4.775
4.7,5.558
6.5,6.164
7.35,7.651
7.08,7.243
8.19,7.364
6.57,5.288
6.12,7.118
6.55,5.516
5.96,5.783
6.87,7.338
6.5,6.853
7.17,7.049
4.52,5.047
6.49,6.735
6.61,6.665
7.7,7.36
7.26,5.771
6.61,6.694
6.44,6.129
6.34,6.338
6.17,5.894
8.11,6.674
5.68,5.928
7.02,6.826
7.96,7.48
7.33,7.269
5.76,5.373
7.88,8.095
7.03,7.559
6.07,6.101
7.69,7.538
6.06,6.582
5.65,5.307
6.72,7.001
6.78,6.464
7.54,7.091
6.71,7.288
4.11,4.763
6.27,6.648
7.79,7.3
7.46,7.198
7.14,7.579
7.25,6.787
7.33,7.006
6.68,6.917
5.0,5.868
7.25,7.147
7.12,7.126
5.15,5.603
5.82,5.706
6.08,6.806
6.37,6.159
6.62,5.841
5.43,5.651
7.49,7.485
4.56,4.218
4.13,5.307
6.94,6.878
5.5,5.739
4.9,5.948
7.54,6.554
7.64,6.59
6.88,6.258
3.9,5.633
6.46,6.883
6.71,5.95
4.16,4.909
5.53,6.066
5.79,5.62
7.05,6.379
7.23,6.851
7.18,6.808
5.93,5.751
3.94,5.743
5.67,5.968
5.89,6.071
6.65,6.864
5.83,5.74
7.47,7.064
6.8,7.241
8.46,7.793
6.38,5.968
7.4,6.957
5.41,6.3
6.72,6.607
7.24,6.738
7.27,6.958
7.29,7.023
6.46,5.765
6.04,5.964
6.86,6.743
5.77,5.75
5.19,5.738
7.0,5.626
4.31,5.869
6.64,6.316
5.15,6.657
6.47,7.005
7.41,6.992
5.98,6.856
6.02,6.598
8.21,7.385
7.05,6.369
6.92,7.316
4.39,5.754
7.3,7.135
7.44,7.6
5.47,5.37
8.23,7.275
7.02,6.96
7.45,7.11
6.78,6.665
7.6,7.056
6.73,7.008
5.8,5.662
5.33,5.695
7.08,6.962
6.32,7.394
4.89,5.446
7.11,6.724
6.19,5.948
6.27,5.834
7.98,6.779
4.17,5.875
6.37,6.745
7.0,5.333
4.44,6.193
6.86,6.247
4.27,4.554
7.29,7.065
5.74,5.904
7.01,7.063
6.84,7.066
6.07,6.513
5.28,4.911
6.91,7.349
5.36,5.824
5.56,5.401
7.12,5.393
5.0,5.608
6.17,5.709
5.47,5.675
5.23,5.71
6.42,6.376
6.72,7.266
7.05,6.724
7.6,6.975
7.55,6.726
6.43,6.677
7.13,7.003
6.5,5.608
6.82,6.902
6.53,6.765
5.13,5.043
6.72,6.78
5.6,6.03
4.64,5.71
7.0,6.416
5.56,5.642
6.29,6.068
6.62,6.104
6.89,7.038
5.94,5.987
6.6,6.56
6.6,6.12
4.38,4.855
5.26,5.696
8.05,7.248
6.26,5.878
7.0,6.554
5.95,6.319
8.49,7.623
6.64,7.136
7.0,5.998
6.32,7.2
6.53,6.773
8.1,8.365
5.85,6.738
6.05,6.792
5.33,5.139
6.55,5.98
5.72,5.919
6.81,6.312
7.27,7.034
6.42,6.576
6.21,5.888
6.48,6.554
6.18,6.557
6.4,7.256
6.77,7.351
6.35,6.344
6.79,7.498
7.42,7.044
7.04,7.414
5.41,5.17
6.37,6.253
5.49,5.752
6.92,6.399
5.46,6.432
8.78,8.222
6.38,6.903
7.09,6.737
5.14,5.273
7.97,6.795
7.22,6.373
6.0,6.492
7.62,6.906
6.46,6.016
7.54,7.55
5.62,6.366
7.43,6.636
8.19,7.166
8.49,7.132
3.26,5.42
6.34,6.336
6.88,5.707
6.48,6.928
6.93,6.193
5.7,6.193
6.61,6.319
7.22,7.193
6.48,5.874
6.75,6.147
5.99,6.755
5.76,5.94
5.45,5.601
7.07,7.056
5.56,5.041
4.81,5.331
6.31,6.416
6.81,7.46
6.54,6.276
7.74,7.633
6.97,6.359
7.24,6.559
5.14,5.675
7.43,6.196
6.57,6.592
7.5,6.247
6.35,6.453
7.56,7.445
5.55,5.508
7.06,7.394
7.25,5.054
6.52,6.447
9.06,8.467
5.92,5.826
4.98,5.117
5.44,6.104
4.02,5.139
6.35,7.076
6.81,6.846
7.88,7.028
7.0,6.601
7.0,6.561
5.14,6.149
7.87,7.439
5.55,7.115
7.23,6.354
5.99,5.714
7.34,7.016
6.55,6.061
5.21,5.24
7.77,7.562
7.43,6.157
8.03,7.897
4.0,5.283
5.37,5.127
5.63,6.322
5.95,6.026
7.63,6.844
5.97,5.598
6.78,6.946
6.04,5.424
7.64,7.559
6.24,6.733
6.49,6.058
6.31,6.724
6.91,6.96
6.28,6.869
7.18,7.148
6.17,6.558
8.22,8.472
6.28,6.505
6.58,6.048
6.95,6.887
4.93,5.082
6.22,5.948
8.12,7.233
7.81,7.238
6.92,7.03
4.65,5.655
8.23,7.738
3.95,5.707
6.15,5.719
7.09,6.377
5.35,6.974
7.67,7.069
7.21,7.373
6.1,6.319
5.9,6.209
6.81,6.12
5.25,4.95
6.66,6.857
8.24,7.576
6.07,6.101
7.86,5.598
6.34,7.105
4.88,5.71
7.07,7.36
5.17,5.803
6.45,6.836
6.9,7.227
6.12,6.051
7.56,7.171
7.13,6.44
4.32,5.683
8.1,7.197
7.11,7.377
6.63,6.263
7.39,6.45
7.93,7.385
7.46,7.016
6.23,6.225
6.19,6.393
